,Image,labels
0,833758612558_1846.png,1
1,357251708376_311.png,1
3,985714726449_129.png,1
4,222887373246_1773.png,1
5,110127687078_75.png,1
7,683738917842_180.png,1
8,164538165078_1752.png,1
9,301001229493_1284.png,1
10,549733273277_53.png,1
11,662256656405_959.png,1
16,612491873091_284.png,1
18,668120264286_278.png,1
20,379555453762_64.png,1
21,950465767867_1787.png,1
23,254659183021_1243.png,1
36,267413376830_3200.png,1
41,639539079685_174.png,1
45,495723171561_2338.png,1
47,20884796_118.png,1
48,432977717923_114.png,1
51,993023278923_69.png,1
52,394807892737_1540.png,1
53,764846353705_1350.png,1
54,611338952756_1074.png,1
57,126758012485_1765.png,1
58,612071010178_53.png,1
59,171508978812_2583.png,1
60,541726984761_56.png,1
65,769934621273_665.png,1
67,191188233735_18.png,1
69,203648378218_21.png,1
70,700764525013_97.png,1
72,391770830740_2328.png,1
75,608362890899_2885.png,1
76,181445865271_1679.png,1
81,535925707647_1672.png,1
82,266651287467_51.png,1
83,192038485634_358.png,1
84,421782183057_36.png,1
86,192038485634_351.png,1
87,217470916442_1739.png,1
88,632183899940_3447.png,1
89,822920534021_136.png,1
92,367372865532_1443.png,1
95,224232821293_927.png,1
96,296255762915_197.png,1
97,973143343630_1286.png,1
98,114648560554_1890.png,1
99,20231935_27.png,1
100,238397622807_31.png,1
103,911622016693_2483.png,1
104,936111477501_1450.png,1
105,227485273481_222.png,1
106,506844731519_31.png,1
108,244178787963_1484.png,1
109,389712748656_3312.png,1
110,141504964851_2064.png,1
111,20828991_156.png,1
112,863531088592_1987.png,1
114,824549014219_2867.png,1
115,952808847239_174.png,1
117,674192929830_9.png,1
118,238914291714_152.png,1
120,119743082698_151.png,1
121,764489767837_205.png,1
125,772464628825_100.png,1
127,542303957272_224.png,1
133,668120264286_277.png,1
134,647941843547_14.png,1
136,643145055832_2471.png,1
139,662256656405_957.png,1
143,879048693273_2865.png,1
145,20173997_49.png,1
146,292440917698_130.png,1
147,850683220727_1487.png,1
148,806441778992_10.png,1
149,421782183057_30.png,1
150,790333570729_1549.png,1
151,250933581187_1916.png,1
153,329860385253_2910.png,1
159,276926469642_1827.png,1
164,447100595252_2089.png,1
165,830006002974_94.png,1
166,360288162685_1018.png,1
170,191188233735_17.png,1
171,569342624383_167.png,1
173,647941843547_22.png,1
174,341879820152_1335.png,1
176,531928112209_1266.png,1
181,324635941511_17.png,1
188,756355607099_127.png,1
189,411679433818_2049.png,1
190,963601964408_692.png,1
193,344187221533_335.png,1
194,989301179886_132.png,1
196,598670540185_451.png,1
198,286294882001_1352.png,1
201,266651287467_47.png,1
203,647941843547_11.png,1
204,482469995080_438.png,1
208,732693011003_427.png,1
210,918436554868_49.png,1
212,980153621042_2499.png,1
213,854498104500_1064.png,1
216,238397622807_32.png,1
217,330311999274_113.png,1
219,309397802062_1248.png,1
221,634091100218_1452.png,1
222,594143428478_289.png,1
224,221706668578_2608.png,1
227,961071200808_3223.png,1
230,898866563085_759.png,1
231,898664434323_1502.png,1
233,734926636965_1439.png,1
235,599431527328_748.png,1
238,381063331361_292.png,1
239,756355607099_126.png,1
240,181445865271_1681.png,1
241,339935510253_4.png,1
243,325793007955_126.png,1
244,833464100971_1308.png,1
246,541648992826_856.png,1
247,253890261988_3425.png,1
248,208909374603_2157.png,1
253,867195298851_126.png,1
254,570251628395_138.png,1
256,321613791338_2579.png,1
257,247789242980_2102.png,1
258,227305977443_2997.png,1
259,536175927161_100.png,1
260,799972986370_93.png,1
262,376833210607_34.png,1
264,918436554868_48.png,1
268,20888686_93.png,1
270,410781938578_2005.png,1
273,325793007955_135.png,1
274,569342624383_165.png,1
276,944532912472_341.png,1
277,699718011265_107.png,1
278,786413222075_29.png,1
280,732693011003_426.png,1
282,319131717377_2298.png,1
283,771755593977_91.png,1
286,325793007955_129.png,1
288,963601964408_693.png,1
290,497124911632_59.png,1
291,876372164601_116.png,1
292,703240347751_2196.png,1
293,482469995080_439.png,1
294,192038485634_366.png,1
296,190265964103_2622.png,1
300,191188233735_237.png,1
304,890792899153_1209.png,1
305,676520420957_3044.png,1
308,321613791338_2460.png,1
309,898180345455_42.png,1
313,424579269065_2354.png,1
315,110139824912_1901.png,1
317,973143343630_1289.png,1
318,333597054971_624.png,1
319,699258933158_1795.png,1
320,267413376830_3199.png,1
323,277688914398_27.png,1
325,138404699949_452.png,1
326,714050116409_1141.png,1
329,982081740037_41.png,1
332,261193544340_18.png,1
334,650645930241_3390.png,1
336,341699893375_948.png,1
337,634259143132_2705.png,1
338,941286169198_979.png,1
340,341699893375_951.png,1
341,293155920880_2150.png,1
342,230827303909_552.png,1
344,772464628825_107.png,1
345,192038485634_360.png,1
356,843802609684_74.png,1
359,952808847239_177.png,1
360,632880317927_243.png,1
364,396747729633_3444.png,1
366,130424682833_2971.png,1
367,721681836521_1000.png,1
368,379555453762_61.png,1
369,681628403600_51.png,1
372,350515010423_1715.png,1
373,647941843547_20.png,1
374,130424682833_2972.png,1
375,412668267498_1127.png,1
376,706694617314_522.png,1
379,400276825286_2419.png,1
380,8716792_38.png,1
381,721681836521_1003.png,1
382,123613744267_23.png,1
383,993023278923_65.png,1
388,151995884228_598.png,1
394,8121904_160.png,1
396,662256656405_965.png,1
397,251253048215_2364.png,1
398,782295982929_150.png,1
399,848409680140_75.png,1
401,850280855417_2045.png,1
402,944491708292_151.png,1
403,276926469642_1828.png,1
404,446978283584_2548.png,1
406,737333136333_1804.png,1
407,843777652566_17.png,1
408,412444974010_3206.png,1
410,609859592068_6.png,1
413,896921453972_617.png,1
414,845460608431_24.png,1
418,338098363409_1.png,1
421,591373229101_70.png,1
422,192038485634_364.png,1
423,347250513021_15.png,1
427,20173997_55.png,1
428,575843704935_66.png,1
429,323718368678_1573.png,1
430,156500534530_2070.png,1
432,777328818359_38.png,1
433,782295982929_149.png,1
434,880229708072_31.png,1
435,586722864857_3383.png,1
436,224232821293_924.png,1
437,118023725904_401.png,1
438,684967759363_44.png,1
442,400374571272_3369.png,1
443,710321393154_1567.png,1
448,603261081528_2166.png,1
452,277097367851_1758.png,1
454,777701977765_588.png,1
455,114229708040_57.png,1
458,917686824203_2051.png,1
464,342767181671_1747.png,1
469,566915168161_2593.png,1
472,368687466498_8.png,1
474,986309829856_1686.png,1
477,545138167149_2505.png,1
478,567126263045_2947.png,1
480,261193544340_113.png,1
481,252479070064_2925.png,1
483,764136673032_2613.png,1
485,634780601459_49.png,1
486,946622835311_1262.png,1
487,762364345542_648.png,1
494,772257400932_92.png,1
496,488075588697_53.png,1
497,890792899153_1208.png,1
500,993023278923_53.png,1
502,239923575981_1367.png,1
503,853169089595_21.png,1
504,152687048857_47.png,1
505,421782183057_31.png,1
506,279209614633_2765.png,1
508,703304027166_2093.png,1
511,785355609848_33.png,1
512,612071010178_46.png,1
513,323718368678_1571.png,1
514,293155920880_2148.png,1
516,856138543579_652.png,1
522,802193197096_1663.png,1
523,764136673032_2618.png,1
525,931652532880_1157.png,1
527,699121420070_269.png,1
529,940604480310_27.png,1
535,544301488486_9.png,1
536,598642801114_2107.png,1
538,219178145041_16.png,1
545,950465767867_1785.png,1
546,341945525892_2373.png,1
548,251404070836_993.png,1
549,606074246541_2096.png,1
550,791124267528_66.png,1
552,227305977443_2998.png,1
554,647941843547_25.png,1
555,731512182701_119.png,1
556,821488567130_150.png,1
559,241322097402_1466.png,1
560,624611278533_0.png,1
561,286185392131_1779.png,1
562,430375075311_2816.png,1
564,749400156974_120.png,1
565,593013934724_99.png,1
567,20114761_150.png,1
569,20780106_75.png,1
570,917220567415_1044.png,1
574,779137129779_1790.png,1
575,761729783486_345.png,1
578,822920534021_139.png,1
579,867700620757_136.png,1
582,663772022816_14.png,1
583,941874142539_97.png,1
588,520840067292_2780.png,1
591,542303957272_223.png,1
592,785244433539_2744.png,1
594,680369393932_2021.png,1
596,223896984826_265.png,1
597,482469995080_436.png,1
598,685905945391_106.png,1
599,321613791338_2461.png,1
600,298625370592_1949.png,1
601,520940938051_2565.png,1
603,918839061832_33.png,1
604,395285139039_867.png,1
610,985714726449_111.png,1
611,802193197096_1661.png,1
612,731199455561_131.png,1
613,985714726449_125.png,1
618,428865883429_489.png,1
619,325793007955_132.png,1
620,132886812475_146.png,1
621,162875382360_90.png,1
624,803149820797_1556.png,1
629,416398374605_480.png,1
631,626198075944_5.png,1
632,922561829745_2182.png,1
636,947593419073_1427.png,1
639,916468031746_171.png,1
640,325293454056_1067.png,1
648,330311999274_109.png,1
649,976302395012_1220.png,1
651,171345000283_46.png,1
653,776923166924_81.png,1
654,842029718092_126.png,1
655,844172586900_1633.png,1
656,612071010178_35.png,1
657,703448081492_566.png,1
659,144888865820_2700.png,1
662,292440917698_132.png,1
663,116401633974_734.png,1
665,207618357799_2114.png,1
666,638114318716_22.png,1
667,431624046811_1404.png,1
668,224232821293_931.png,1
670,146120362309_2235.png,1
676,816683005238_37.png,1
677,397712229390_2218.png,1
680,866555907562_126.png,1
682,890792899153_1206.png,1
683,716333500284_413.png,1
684,722332376999_1185.png,1
687,711408085137_153.png,1
690,235543228049_2081.png,1
691,447100595252_2088.png,1
694,715052598761_19.png,1
695,772464628825_116.png,1
696,539328577283_167.png,1
700,363535100000_81.png,1
701,685505912346_3348.png,1
704,760790085782_3196.png,1
706,427086310202_84.png,1
707,178359790931_20.png,1
708,811644526596_2251.png,1
710,491133780215_1054.png,1
715,422632851956_3182.png,1
717,641085547987_3142.png,1
718,967846931189_3068.png,1
719,560295427936_211.png,1
721,396750726164_10.png,1
722,801932343042_1491.png,1
725,654053090992_3451.png,1
728,262734152854_150.png,1
733,764489767837_218.png,1
737,777328818359_37.png,1
738,711408085137_9.png,1
739,837265040191_2422.png,1
741,634265300478_1822.png,1
742,170064571500_973.png,1
743,912157481181_116.png,1
744,110357527251_48.png,1
747,685905945391_105.png,1
749,750161553572_119.png,1
750,939100495686_50.png,1
751,762364345542_640.png,1
754,568354121369_12.png,1
757,623894832825_1302.png,1
758,341879820152_1337.png,1
759,502448504490_3032.png,1
760,769934621273_674.png,1
761,980979740184_3402.png,1
763,532817958124_2494.png,1
765,714251933365_284.png,1
766,915197523364_3.png,1
769,688324326945_24.png,1
770,992475168657_1564.png,1
771,534653494805_7.png,1
772,992475168657_1565.png,1
773,864227697268_880.png,1
774,709126837809_795.png,1
778,271440321083_3302.png,1
780,412034110708_2821.png,1
781,917686824203_2052.png,1
783,911622016693_2481.png,1
784,400962117135_3082.png,1
785,801206468531_3103.png,1
786,802193197096_1666.png,1
787,731512182701_120.png,1
792,153634456656_113.png,1
793,703833281083_1598.png,1
797,954618460788_834.png,1
798,208384063534_121.png,1
799,798661327871_302.png,1
800,301001229493_1282.png,1
801,152760066552_1979.png,1
802,641085547987_3150.png,1
803,865245750682_24.png,1
804,811423234707_1123.png,1
805,833657157161_1060.png,1
806,313330933538_0.png,1
807,608224480528_2684.png,1
808,635845865944_1231.png,1
809,493027181785_2226.png,1
810,704620807007_717.png,1
815,714251933365_282.png,1
816,915197523364_4.png,1
818,545138167149_2503.png,1
819,678984698881_1489.png,1
821,878817751717_2396.png,1
822,421782183057_44.png,1
827,396095248326_94.png,1
830,20173997_62.png,1
834,636039780441_2039.png,1
841,883843984818_167.png,1
842,367860040198_125.png,1
843,360540058580_27.png,1
844,20542610_135.png,1
845,653014001934_1371.png,1
846,347250513021_14.png,1
847,547427900316_43.png,1
848,771869260131_51.png,1
850,192038485634_371.png,1
854,664039527911_3326.png,1
856,767388414854_883.png,1
861,776358794089_582.png,1
862,723086816198_137.png,1
863,191188233735_235.png,1
864,230827303909_557.png,1
865,8227493_85.png,1
866,684213466847_145.png,1
867,412444974010_3207.png,1
869,764489767837_216.png,1
870,848409680140_84.png,1
872,251404070836_995.png,1
875,414270881980_2729.png,1
876,911796017464_2190.png,1
877,224232821293_923.png,1
878,986309829856_1685.png,1
881,272365977423_3057.png,1
882,151423702393_16.png,1
884,700576207532_172.png,1
887,699258933158_1796.png,1
888,647941843547_17.png,1
889,534216578451_34.png,1
891,20893814_137.png,1
892,450247033127_3257.png,1
893,795356671931_207.png,1
899,931652532880_1154.png,1
902,475548512619_892.png,1
905,927234591692_119.png,1
910,325793007955_137.png,1
911,662256656405_953.png,1
913,647941843547_30.png,1
914,777439655201_333.png,1
916,213656012133_2131.png,1
920,277097367851_1755.png,1
921,606074246541_2097.png,1
922,979751560834_151.png,1
924,191188233735_238.png,1
926,384782235635_2922.png,1
927,973999840047_2704.png,1
928,716240434334_2375.png,1
930,330311999274_110.png,1
931,441965561693_1726.png,1
933,450247033127_3258.png,1
934,879048693273_2862.png,1
941,639539079685_177.png,1
943,347241142472_1541.png,1
944,597245428015_874.png,1
947,872557183178_1422.png,1
949,615688793912_9.png,1
950,250710094078_2017.png,1
953,853169089595_16.png,1
955,768494735159_1221.png,1
956,683738917842_182.png,1
957,460556866090_95.png,1
958,586267437069_1929.png,1
963,779137129779_1791.png,1
964,128597336529_74.png,1
970,313675177473_27.png,1
977,983864438456_1109.png,1
980,321613791338_2462.png,1
982,588734250938_516.png,1
984,469609984352_2723.png,1
988,669011864115_1272.png,1
990,488707726286_1653.png,1
993,979751560834_143.png,1
995,213656012133_2133.png,1
996,731199455561_130.png,1
998,360540058580_19.png,1
1002,238397622807_30.png,1
1004,249153950126_1801.png,1
1005,279878187518_170.png,1
1008,222887373246_1587.png,1
1009,582158698012_25.png,1
1010,893202053489_1802.png,1
1012,754934479265_4.png,1
1013,490427380219_29.png,1
1014,173673261707_1056.png,1
1017,410900282672_6.png,1
1018,244178787963_1481.png,1
1022,262734152854_152.png,1
1024,612071010178_57.png,1
1025,761729783486_347.png,1
1026,203648378218_10.png,1
1033,510256128065_3.png,1
1034,702348504428_19.png,1
1035,867195298851_125.png,1
1036,497251788504_2986.png,1
1037,531928112209_1271.png,1
1039,110127687078_64.png,1
1040,380320255927_777.png,1
1041,605085122428_3106.png,1
1047,262734152854_148.png,1
1051,577880665879_168.png,1
1054,739642372094_1068.png,1
1055,571385326092_2721.png,1
1058,723791120719_2029.png,1
1059,504956245097_2852.png,1
1061,961711163324_123.png,1
1065,199357894768_864.png,1
1068,131446538279_876.png,1
1069,772464628825_109.png,1
1071,553544565405_15.png,1
1075,799972986370_98.png,1
1078,476435950414_736.png,1
1079,128597336529_77.png,1
1080,570703933924_65.png,1
1081,367131157003_1036.png,1
1083,685905945391_104.png,1
1086,432977717923_106.png,1
1087,656601070603_2808.png,1
1088,451461422150_2787.png,1
1091,789344920194_1920.png,1
1092,439795913123_27.png,1
1093,699718011265_106.png,1
1095,390141130975_204.png,1
1098,621924378094_2678.png,1
1100,754934479265_6.png,1
1101,778560443510_1398.png,1
1102,170064571500_974.png,1
1105,922581919491_106.png,1
1107,400374571272_3380.png,1
1109,482469995080_431.png,1
1110,341879820152_1332.png,1
1111,922561829745_2179.png,1
1112,741989903094_100.png,1
1113,839168446401_89.png,1
1114,723791120719_2028.png,1
1120,8716792_35.png,1
1122,455429862814_138.png,1
1125,410582377193_123.png,1
1126,139140132763_1183.png,1
1128,715052598761_16.png,1
1129,683738917842_176.png,1
1131,591373229101_77.png,1
1133,969895866102_3242.png,1
1134,319131717377_2299.png,1
1139,716333500284_409.png,1
1140,870868473975_176.png,1
1142,747873860561_2928.png,1
1144,279878187518_169.png,1
1145,225034671890_1087.png,1
1146,572923171092_173.png,1
1149,330311999274_114.png,1
1150,777328818359_40.png,1
1152,816683005238_277.png,1
1154,636097564445_1532.png,1
1155,567126263045_2949.png,1
1156,181445865271_1677.png,1
1157,647941843547_28.png,1
1159,341699893375_944.png,1
1161,416790220207_2370.png,1
1163,430375075311_2812.png,1
1164,772464628825_106.png,1
1165,787922742527_2202.png,1
1168,858235946428_2692.png,1
1175,141624973172_3070.png,1
1177,668120264286_273.png,1
1178,230827303909_558.png,1
1180,20814858_143.png,1
1181,603996111592_170.png,1
1182,239923575981_1368.png,1
1185,917941036855_132.png,1
1186,986309829856_710.png,1
1187,822391204248_0.png,1
1190,250933581187_1915.png,1
1193,578184120957_720.png,1
1194,241322097402_1461.png,1
1196,520016559951_1953.png,1
1198,830006002974_93.png,1
1199,143418361871_3216.png,1
1201,890792899153_1207.png,1
1202,227305977443_3000.png,1
1203,118023725904_404.png,1
1204,195698885061_536.png,1
1206,293155920880_2149.png,1
1212,743253397080_3260.png,1
1215,906368157080_860.png,1
1216,111069511691_53.png,1
1218,648426818801_2873.png,1
1219,110139824912_1895.png,1
1221,867700620757_134.png,1
1222,244779790134_2921.png,1
1223,400374571272_3372.png,1
1224,129310496531_1629.png,1
1225,534269415875_66.png,1
1226,671049071487_40.png,1
1227,853511371326_189.png,1
1229,506844731519_34.png,1
1231,234820066341_2072.png,1
1232,272365977423_3065.png,1
1235,700764525013_85.png,1
1236,709126837809_792.png,1
1237,136477529786_300.png,1
1238,632183899940_3448.png,1
1239,740924160841_3017.png,1
1240,309920533181_570.png,1
1241,100717169904_2626.png,1
1242,495723171561_2341.png,1
1244,806441778992_7.png,1
1249,397254190221_49.png,1
1251,207804182921_73.png,1
1254,740924160841_3016.png,1
1255,634259143132_2706.png,1
1256,845210527637_683.png,1
1259,588734250938_518.png,1
1260,434106695352_176.png,1
1261,648225933494_62.png,1
1264,990648241449_1343.png,1
1265,954618460788_835.png,1
1267,735199605803_2917.png,1
1268,971938447531_1776.png,1
1271,363809609013_975.png,1
1272,334236582047_2046.png,1
1273,341879820152_1326.png,1
1274,268840165800_93.png,1
1275,985714726449_124.png,1
1277,824549014219_2868.png,1
1278,684967759363_41.png,1
1279,789177370136_1836.png,1
1281,989660137833_2513.png,1
1282,681336677739_1495.png,1
1283,856138543579_657.png,1
1284,227305977443_2999.png,1
1285,110127687078_67.png,1
1291,234820066341_2074.png,1
1295,206372418453_19.png,1
1298,224232821293_935.png,1
1299,391770830740_2321.png,1
1301,173249862011_444.png,1
1302,603123524854_93.png,1
1304,611532182871_1935.png,1
1305,575805779337_7.png,1
1306,758926300410_1582.png,1
1307,731268103769_43.png,1
1308,854498104500_1062.png,1
1311,722332376999_1186.png,1
1312,426881446006_1.png,1
1313,952808847239_175.png,1
1314,714251933365_283.png,1
1324,603123524854_95.png,1
1325,208909374603_1967.png,1
1327,350515010423_1706.png,1
1328,612071010178_40.png,1
1332,10134811_151.png,1
1334,184021114566_49.png,1
1335,360540058580_25.png,1
1336,421782183057_43.png,1
1337,360540058580_23.png,1
1342,621924378094_2677.png,1
1346,199357894768_865.png,1
1348,170064571500_972.png,1
1349,970889238163_3.png,1
1350,703448081492_559.png,1
1351,227485273481_225.png,1
1353,789344920194_1922.png,1
1355,220680175844_129.png,1
1356,379555453762_69.png,1
1357,379555453762_67.png,1
1361,582306562750_37.png,1
1367,656601070603_2806.png,1
1370,208993281228_1990.png,1
1371,591373229101_71.png,1
1376,535466506327_130.png,1
1384,663772022816_158.png,1
1385,647941843547_8.png,1
1390,806550376609_88.png,1
1393,608224480528_2683.png,1
1397,963601964408_691.png,1
1398,360540058580_26.png,1
1400,917686824203_2056.png,1
1403,742541144001_3271.png,1
1405,520016559951_1955.png,1
1409,606074246541_2095.png,1
1411,683738917842_174.png,1
1413,612071010178_44.png,1
1415,761729783486_346.png,1
1419,185441296082_388.png,1
1420,179398633980_141.png,1
1421,600041102510_2933.png,1
1422,684967759363_43.png,1
1424,0276764_19.png,1
1425,201090469824_320.png,1
1427,134857633495_109.png,1
1429,806441778992_29.png,1
1431,749400156974_121.png,1
1433,699718011265_104.png,1
1436,503461938638_193.png,1
1437,676560825504_159.png,1
1438,922561829745_2183.png,1
1440,643145055832_2468.png,1
1442,925079175594_903.png,1
1445,280176852758_2676.png,1
1448,602695586357_16.png,1
1450,527910275732_156.png,1
1451,866698375193_328.png,1
1453,8716792_39.png,1
1456,553544565405_14.png,1
1464,818209273153_1017.png,1
1465,787922742527_2203.png,1
1466,106843512319_1504.png,1
1468,903855560837_1400.png,1
1469,531928112209_1267.png,1
1471,504956245097_2855.png,1
1472,697786732711_142.png,1
1473,744225940112_1131.png,1
1474,597447767582_120.png,1
1476,922561829745_2188.png,1
1478,853169089595_19.png,1
1480,789344920194_1919.png,1
1481,843959510534_169.png,1
1482,414512481125_3021.png,1
1484,20542610_136.png,1
1488,700764525013_100.png,1
1489,571385326092_2720.png,1
1493,980979740184_3403.png,1
1495,588734250938_517.png,1
1496,124911684942_854.png,1
1497,549733273277_54.png,1
1498,862601632735_1167.png,1
1501,884743150152_2309.png,1
1504,878817751717_2400.png,1
1505,397712229390_2221.png,1
1506,128597336529_71.png,1
1507,325411649790_113.png,1
1510,464599977359_2748.png,1
1511,262734152854_149.png,1
1514,183382284445_806.png,1
1515,225034671890_1086.png,1
1518,575805779337_6.png,1
1522,789344920194_1918.png,1
1523,341879820152_1329.png,1
1524,697849189626_182.png,1
1527,128597336529_76.png,1
1528,117564324256_2403.png,1
1529,506844731519_36.png,1
1530,103416208177_3432.png,1
1531,936111477501_1449.png,1
1532,984303250378_899.png,1
1533,324635941511_13.png,1
1534,421782183057_41.png,1
1536,106843512319_1506.png,1
1538,806705457328_1360.png,1
1540,592824419888_92.png,1
1542,500196950894_99.png,1
1543,632880317927_244.png,1
1544,328383413827_1238.png,1
1546,151995884228_602.png,1
1548,128597336529_75.png,1
1549,183382284445_804.png,1
1550,982081740037_48.png,1
1551,203648378218_13.png,1
1552,392329057543_1620.png,1
1553,931652532880_1156.png,1
1554,251253048215_2366.png,1
1556,585266307137_114.png,1
1558,477141480369_139.png,1
1559,20173997_59.png,1
1560,339935510253_5.png,1
1561,8227493_86.png,1
1562,271440321083_3299.png,1
1566,236410493955_125.png,1
1567,923182232670_2159.png,1
1568,613527096835_5.png,1
1569,488075588697_52.png,1
1572,762364345542_651.png,1
1573,945031103054_2152.png,1
1574,856138543579_655.png,1
1576,647149214300_1880.png,1
1578,568389822410_1172.png,1
1581,20880030_154.png,1
1582,401373802702_2126.png,1
1585,462067576773_27.png,1
1588,391770830740_2326.png,1
1590,897774934161_1205.png,1
1591,345719039525_280.png,1
1594,983864438456_1108.png,1
1595,110357527251_46.png,1
1597,531928112209_1269.png,1
1598,152760066552_1978.png,1
1599,422051845654_890.png,1
1600,117564324256_2405.png,1
1601,490402063518_116.png,1
1605,716333500284_410.png,1
1607,156730228020_2443.png,1
1609,446978283584_1962.png,1
1610,324635941511_14.png,1
1611,465246296291_153.png,1
1613,681336677739_1494.png,1
1614,591373229101_67.png,1
1615,791754158348_1515.png,1
1616,134857633495_108.png,1
1617,20173997_64.png,1
1618,427086310202_83.png,1
1619,401673257936_13.png,1
1622,553544565405_234.png,1
1623,649290484260_8.png,1
1624,220680175844_131.png,1
1626,430375075311_2815.png,1
1629,845460608431_163.png,1
1630,970889238163_2.png,1
1631,723791120719_2026.png,1
1633,499153387576_27.png,1
1635,684213466847_147.png,1
1636,428920447105_173.png,1
1637,647941843547_15.png,1
1640,636039780441_2036.png,1
1641,173760914624_26.png,1
1643,20780106_76.png,1
1644,325411649790_111.png,1
1648,558739285660_164.png,1
1649,647941843547_13.png,1
1650,172929691322_44.png,1
1651,654093807764_2242.png,1
1653,100741088084_60.png,1
1655,321193840795_2473.png,1
1656,400962117135_3084.png,1
1657,897061081395_1593.png,1
1658,726201973647_2458.png,1
1661,110357527251_45.png,1
1667,422632851956_3183.png,1
1672,818209273153_1010.png,1
1674,528621184354_157.png,1
1677,699258933158_1797.png,1
1679,603996111592_169.png,1
1680,945031103054_2154.png,1
1681,272365977423_3060.png,1
1682,574481118830_105.png,1
1684,839168446401_87.png,1
1690,279878187518_165.png,1
1691,612071010178_56.png,1
1692,582917569562_123.png,1
1694,134725566968_232.png,1
1698,222102949883_38.png,1
1700,253890261988_3423.png,1
1701,810362663250_2076.png,1
1702,179563888654_474.png,1
1703,636097564445_1534.png,1
1706,107544579329_72.png,1
1709,593013934724_102.png,1
1713,726201973647_2459.png,1
1716,8227493_82.png,1
1717,400962117135_3074.png,1
1722,293155920880_2147.png,1
1725,360540058580_11.png,1
1727,555423412638_84.png,1
1729,714251933365_38.png,1
1730,969895866102_3244.png,1
1735,575805779337_12.png,1
1737,747852248661_164.png,1
1739,858235946428_2691.png,1
1740,192038485634_369.png,1
1741,699932963082_20.png,1
1742,911064782307_2552.png,1
1743,668120264286_275.png,1
1745,524209521631_509.png,1
1748,549733273277_57.png,1
1750,100717169904_2625.png,1
1753,593013934724_101.png,1
1754,917686824203_2053.png,1
1755,493027181785_2224.png,1
1756,762364345542_638.png,1
1757,431624046811_1406.png,1
1763,684967759363_48.png,1
1764,663772022816_159.png,1
1765,870868473975_175.png,1
1766,732693011003_425.png,1
1767,324850484710_1934.png,1
1769,764489767837_210.png,1
1770,151846527929_24.png,1
1772,985714726449_112.png,1
1773,765481116507_1523.png,1
1774,535925707647_1674.png,1
1775,586722864857_3382.png,1
1778,272365977423_3067.png,1
1781,887975070030_3465.png,1
1785,174911645187_387.png,1
1787,110139824912_1896.png,1
1790,845460608431_18.png,1
1795,117564324256_2404.png,1
1797,845460608431_22.png,1
1799,531928112209_1268.png,1
1800,640136136494_3212.png,1
1801,497402889915_1960.png,1
1803,662256656405_961.png,1
1808,235543228049_2079.png,1
1810,480618280488_546.png,1
1811,840899031174_10.png,1
1812,267413376830_3201.png,1
1815,201592389934_2174.png,1
1817,647149214300_1882.png,1
1818,683738917842_181.png,1
1819,941368575462_165.png,1
1820,603261081528_2167.png,1
1822,771755593977_92.png,1
1825,508947641279_1120.png,1
1826,408793028990_2164.png,1
1827,171345000283_297.png,1
1828,485745117803_2215.png,1
1833,845460608431_23.png,1
1834,324635941511_12.png,1
1838,811644526596_2261.png,1
1842,761729783486_343.png,1
1843,360288162685_1020.png,1
1845,729724405267_291.png,1
1846,678984698881_1488.png,1
1849,363896865046_67.png,1
1852,221706668578_2609.png,1
1853,989301179886_130.png,1
1857,906328356450_896.png,1
1862,100717169904_2624.png,1
1863,309397802062_1247.png,1
1864,241322097402_1463.png,1
1865,482469995080_434.png,1
1867,884829104057_76.png,1
1869,934555058623_3468.png,1
1871,636097564445_1533.png,1
1874,669011864115_1274.png,1
1880,390141130975_200.png,1
1881,663772022816_160.png,1
1884,735885525457_2834.png,1
1885,866110390537_2248.png,1
1888,382880599264_1695.png,1
1890,430375075311_2810.png,1
1891,848409680140_86.png,1
1892,818209273153_1016.png,1
1893,754476975700_1472.png,1
1896,225034671890_1084.png,1
1897,389884665686_161.png,1
1900,324850484710_1930.png,1
1901,952808847239_172.png,1
1904,862601632735_1163.png,1
1910,215645397812_2733.png,1
1912,182196095916_1139.png,1
1915,549733273277_55.png,1
1917,341879820152_1338.png,1
1921,566915168161_2594.png,1
1923,916468031746_172.png,1
1929,328383413827_1239.png,1
1930,884743150152_2308.png,1
1932,915197523364_148.png,1
1934,759070734436_3104.png,1
1938,358869696106_158.png,1
1939,414512481125_3023.png,1
1944,944172876613_180.png,1
1945,758926300410_1580.png,1
1948,399656424876_180.png,1
1950,881090541705_2083.png,1
1952,620439013448_1621.png,1
1953,506792671517_143.png,1
1959,192038485634_367.png,1
1960,251404070836_991.png,1
1962,791124267528_67.png,1
1963,272531042666_318.png,1
1965,103416208177_3431.png,1
1967,230827303909_549.png,1
1969,946219532066_1389.png,1
1971,769934621273_667.png,1
1972,321193840795_2472.png,1
1973,486604494242_145.png,1
1975,526144458885_824.png,1
1977,527020434846_2896.png,1
1978,641085547987_3148.png,1
1982,710898793562_2390.png,1
1983,962825594797_106.png,1
1984,499153387576_29.png,1
1985,309920533181_571.png,1
1986,710433467584_789.png,1
1987,110139824912_1902.png,1
1989,506844731519_35.png,1
1990,735885525457_2832.png,1
1992,569564616579_984.png,1
1993,655596152469_3167.png,1
1994,279209614633_2770.png,1
1996,262734152854_151.png,1
1998,787922742527_2208.png,1
2002,545395986954_21.png,1
2005,382700444919_544.png,1
2006,772257400932_91.png,1
2007,971649566488_3353.png,1
2009,339471895441_34.png,1
2010,663772022816_16.png,1
2012,400374571272_3365.png,1
2014,845460608431_168.png,1
2015,303958277841_18.png,1
2019,663772022816_15.png,1
2020,469021085230_93.png,1
2021,414270881980_2728.png,1
2022,110139824912_1900.png,1
2023,647149214300_1878.png,1
2024,143540761549_153.png,1
2025,294111825414_684.png,1
2028,880837284589_2835.png,1
2029,569604171620_2786.png,1
2031,514453370384_1377.png,1
2032,647941843547_16.png,1
2034,636011148697_1512.png,1
2035,424579269065_2351.png,1
2036,482762469446_65.png,1
2037,684967759363_50.png,1
2038,224232821293_928.png,1
2040,895387384601_2857.png,1
2045,773060118637_91.png,1
2046,591311518176_7.png,1
2047,878817751717_2397.png,1
2050,396095248326_99.png,1
2051,339935510253_0.png,1
2055,8716792_45.png,1
2058,853169089595_18.png,1
2060,734926636965_1438.png,1
2062,244178787963_1480.png,1
2063,485164464798_2542.png,1
2065,735885525457_2831.png,1
2067,840000777372_8.png,1
2072,778560443510_1399.png,1
2073,442773420858_481.png,1
2074,745436989785_1526.png,1
2075,446978283584_1963.png,1
2077,190265964103_2620.png,1
2078,20888686_96.png,1
2079,561655174252_91.png,1
2082,8716792_33.png,1
2085,662256656405_952.png,1
2086,271471459435_1794.png,1
2087,502663928209_2754.png,1
2090,359522436834_659.png,1
2094,281023090144_257.png,1
2097,962825594797_104.png,1
2098,898866563085_756.png,1
2102,939100495686_49.png,1
2103,144591231555_415.png,1
2107,675660979140_1052.png,1
2115,776923166924_80.png,1
2116,224232821293_929.png,1
2117,471853825759_87.png,1
2118,568389822410_1174.png,1
2120,747852248661_165.png,1
2121,569342624383_168.png,1
2124,291914989721_703.png,1
2126,816683005238_276.png,1
2128,954618460788_845.png,1
2130,224232821293_926.png,1
2134,827273563653_2409.png,1
2135,545395986954_239.png,1
2136,782295982929_5.png,1
2139,433990712859_286.png,1
2145,363896865046_66.png,1
2147,485745117803_2216.png,1
2148,296255762915_198.png,1
2153,876372164601_114.png,1
2155,700764525013_91.png,1
2156,182196095916_1138.png,1
2157,480998180201_36.png,1
2159,380320255927_775.png,1
2162,208397272995_296.png,1
2163,588734250938_521.png,1
2164,266529855899_912.png,1
2168,100717169904_2630.png,1
2169,762364345542_643.png,1
2170,960919430103_2228.png,1
2173,961711163324_125.png,1
2174,806094611449_17.png,1
2175,432977717923_111.png,1
2176,279878187518_166.png,1
2180,894411925086_3051.png,1
2181,741034458727_32.png,1
2182,840899031174_44.png,1
2183,144273980702_1356.png,1
2185,833758612558_1844.png,1
2186,400374571272_3378.png,1
2188,389151849702_696.png,1
2189,150342330404_713.png,1
2190,845460608431_164.png,1
2191,845460608431_19.png,1
2194,325793007955_131.png,1
2197,192038485634_363.png,1
2198,843777652566_11.png,1
2200,647941843547_31.png,1
2201,441965561693_1728.png,1
2202,350515010423_1700.png,1
2203,197214707867_85.png,1
2204,697786732711_147.png,1
2206,910665251338_1655.png,1
2208,276926469642_1829.png,1
2216,765481116507_1521.png,1
2217,203648378218_0.png,1
2220,650645930241_3398.png,1
2221,281436451254_1925.png,1
2223,623894832825_1296.png,1
2224,421782183057_29.png,1
2226,360540058580_12.png,1
2227,739851758746_83.png,1
2228,151423702393_15.png,1
2229,326254236438_2930.png,1
2230,837897497551_75.png,1
2231,514453370384_1380.png,1
2232,840899031174_35.png,1
2234,773060118637_90.png,1
2235,815820074872_311.png,1
2236,152760066552_1976.png,1
2237,971260117691_125.png,1
2238,414512481125_3022.png,1
2244,524209521631_510.png,1
2249,390141130975_203.png,1
2252,181445865271_1680.png,1
2253,818209273153_1014.png,1
2254,207998127593_3247.png,1
2255,486604494242_146.png,1
2256,291914989721_705.png,1
2258,854498104500_1061.png,1
2259,184620215721_2738.png,1
2260,350515010423_1701.png,1
2261,286185392131_1780.png,1
2263,575805779337_13.png,1
2265,474499251703_144.png,1
2268,566915168161_2592.png,1
2271,184021114566_50.png,1
2273,629368441219_26.png,1
2276,982081740037_49.png,1
2279,203648378218_18.png,1
2280,848409680140_79.png,1
2281,134857633495_110.png,1
2282,776923166924_75.png,1
2284,825257833651_2509.png,1
2286,149592756481_4.png,1
2287,650645930241_3414.png,1
2292,527020434846_2901.png,1
2293,606074246541_2098.png,1
2294,527910275732_157.png,1
2297,351145406253_90.png,1
2298,911796017464_2193.png,1
2301,8716792_34.png,1
2302,822391204248_205.png,1
2306,347241142472_1544.png,1
2308,843777652566_13.png,1
2312,415342646631_1234.png,1
2315,837897497551_76.png,1
2317,534759935339_1090.png,1
2318,970889238163_1.png,1
2320,650464848857_2697.png,1
2321,110139824912_1904.png,1
2322,941336779550_2232.png,1
2323,333696793755_469.png,1
2324,502663928209_2753.png,1
2325,282249551204_57.png,1
2326,839815003379_3011.png,1
2327,575805779337_11.png,1
2328,152760066552_1981.png,1
2329,945470487041_2654.png,1
2332,985714726449_123.png,1
2336,699932963082_18.png,1
2339,272365977423_3061.png,1
2342,447100595252_2087.png,1
2343,650645930241_3387.png,1
2344,325793007955_140.png,1
2345,745436989785_1527.png,1
2348,650645930241_3385.png,1
2353,192038485634_355.png,1
2357,10134811_152.png,1
2358,208648893544_320.png,1
2361,918436554868_51.png,1
2363,266651287467_52.png,1
2366,138404699949_455.png,1
2367,345175053994_2211.png,1
2370,256338506588_3445.png,1
2371,806550376609_85.png,1
2372,815810864837_2263.png,1
2373,731295040273_61.png,1
2376,392329057543_1619.png,1
2380,654053090992_3452.png,1
2383,703448081492_561.png,1
2388,333597054971_623.png,1
2389,20173997_58.png,1
2391,373647237390_869.png,1
2392,917686824203_2054.png,1
2393,752435468830_131.png,1
2397,708459194896_154.png,1
2398,626198075944_3.png,1
2400,527020434846_2897.png,1
2401,862601632735_1165.png,1
2402,516903642985_687.png,1
2403,8716792_42.png,1
2406,110139824912_1898.png,1
2410,726201973647_2456.png,1
2411,663772022816_155.png,1
2412,790333570729_1550.png,1
2414,355022318208_118.png,1
2415,134857633495_113.png,1
2419,601060412790_2801.png,1
2421,560295427936_213.png,1
2422,179563888654_473.png,1
2423,802193197096_1662.png,1
2424,8227493_84.png,1
2425,632494798567_217.png,1
2426,462773174622_1599.png,1
2432,138404699949_453.png,1
2433,518447889244_13.png,1
2434,973135147805_74.png,1
2436,795356671931_210.png,1
2440,325793007955_141.png,1
2441,848333957606_852.png,1
2445,181445865271_1678.png,1
2446,866555907562_125.png,1
2447,989301179886_129.png,1
2448,156730228020_2452.png,1
2449,979751560834_138.png,1
2454,952808847239_171.png,1
2455,309002729427_1832.png,1
2458,709126837809_794.png,1
2459,731268103769_42.png,1
2462,196153721086_3097.png,1
2463,203648378218_19.png,1
2465,106446077244_18.png,1
2466,485355425093_162.png,1
2469,261842059750_3268.png,1
2474,647941843547_23.png,1
2477,558739285660_163.png,1
2479,154186372306_2709.png,1
2481,722658384845_172.png,1
2483,192038485634_361.png,1
2484,211549634779_149.png,1
2485,934555058623_3467.png,1
2488,309920533181_572.png,1
2490,916191265487_13.png,1
2494,700777810749_2920.png,1
2495,107544579329_73.png,1
2497,333597054971_628.png,1
2499,146611670930_2104.png,1
2500,560902908899_55.png,1
2505,899397010584_184.png,1
2507,985714726449_114.png,1
2508,848333957606_853.png,1
2509,847089636805_313.png,1
2513,151995884228_599.png,1
2514,363896865046_62.png,1
2515,365021874062_1618.png,1
2516,641085547987_3151.png,1
2517,697786732711_145.png,1
2519,601060412790_2799.png,1
2521,224232821293_933.png,1
2523,534269415875_59.png,1
2525,8716792_40.png,1
2526,867195298851_127.png,1
2528,400374571272_3362.png,1
2529,534759935339_1088.png,1
2530,156730228020_2446.png,1
2531,396095248326_95.png,1
2534,683738917842_178.png,1
2535,586722864857_3384.png,1
2536,985700536306_309.png,1
2537,103819417964_2941.png,1
2539,655596152469_28.png,1
2542,134725566968_236.png,1
2549,683738917842_179.png,1
2551,149077419458_2701.png,1
2556,600846229594_157.png,1
2561,709126837809_790.png,1
2563,787922742527_2205.png,1
2564,20884796_117.png,1
2565,839257551483_78.png,1
2567,460556866090_93.png,1
2568,254659183021_1242.png,1
2572,714519776669_29.png,1
2576,330311999274_108.png,1
2577,281789334835_321.png,1
2580,833464100971_1309.png,1
2581,247758945333_80.png,1
2583,382634234588_2379.png,1
2587,173249862011_445.png,1
2588,201278064785_2961.png,1
2593,296996730720_1972.png,1
2594,241322097402_1462.png,1
2596,982081740037_45.png,1
2599,132886812475_147.png,1
2602,528621184354_159.png,1
2603,239930530865_2384.png,1
2605,399656424876_179.png,1
2606,594143428478_40.png,1
2608,840899031174_36.png,1
2610,134857633495_107.png,1
2612,277097367851_1757.png,1
2613,922581919491_107.png,1
2614,771755593977_88.png,1
2615,902796346829_3.png,1
2616,272365977423_3059.png,1
2617,130424682833_2975.png,1
2618,632880317927_23.png,1
2620,647941843547_19.png,1
2621,191902294372_2711.png,1
2622,988373653962_1430.png,1
2624,279878187518_168.png,1
2627,428865883429_488.png,1
2628,899610610820_158.png,1
2629,508947641279_1118.png,1
2634,822391204248_2.png,1
2635,845251645064_184.png,1
2636,762950326504_4.png,1
2637,134725566968_231.png,1
2638,714519776669_28.png,1
2639,241322097402_1460.png,1
2641,150342330404_715.png,1
2642,844172586900_1634.png,1
2644,699121420070_35.png,1
2651,704620807007_716.png,1
2655,183382284445_807.png,1
2656,931340732779_733.png,1
2657,833464100971_1310.png,1
2658,669011864115_1279.png,1
2661,279209614633_2771.png,1
2662,552591954121_2839.png,1
2666,917941036855_133.png,1
2668,153634456656_112.png,1
2670,819589374083_755.png,1
2671,544032867760_130.png,1
2675,739851758746_84.png,1
2679,922561829745_2186.png,1
2685,244178787963_1482.png,1
2687,944532912472_339.png,1
2688,432977717923_107.png,1
2689,267413376830_3202.png,1
2691,979751560834_154.png,1
2693,650645930241_3415.png,1
2694,749400156974_118.png,1
2699,988222288102_2993.png,1
2702,192038485634_370.png,1
2703,286185392131_1782.png,1
2704,985714726449_121.png,1
2706,155116290844_244.png,1
2707,184021114566_41.png,1
2708,355022318208_116.png,1
2710,416398374605_477.png,1
2711,945031103054_2153.png,1
2713,495723171561_2340.png,1
2715,986309829856_1687.png,1
2716,560295427936_214.png,1
2718,829805419415_1317.png,1
2721,729724405267_290.png,1
2722,681336677739_1496.png,1
2723,754476975700_1469.png,1
2724,650464848857_2698.png,1
2726,325793007955_138.png,1
2727,893202053489_1803.png,1
2728,326243507183_118.png,1
2733,244178787963_1474.png,1
2737,410781938578_2006.png,1
2738,850760668257_140.png,1
2741,319131717377_2301.png,1
2743,175211279793_290.png,1
2744,985714726449_128.png,1
2746,790333570729_1551.png,1
2747,636011148697_1509.png,1
2748,534759935339_1091.png,1
2750,681471053061_3189.png,1
2751,758926300410_1578.png,1
2752,103416208177_3434.png,1
2756,389884665686_162.png,1
2762,647899100449_88.png,1
2764,772464628825_115.png,1
2765,839257551483_79.png,1
2767,408793028990_2165.png,1
2769,764489767837_198.png,1
2771,936371943054_89.png,1
2773,495459131965_2.png,1
2775,650645930241_3393.png,1
2776,580603230479_1200.png,1
2777,475548512619_893.png,1
2778,340236082375_2311.png,1
2779,603123524854_94.png,1
2783,502448504490_3033.png,1
2784,480618280488_547.png,1
2785,887975070030_3466.png,1
2788,763709540874_1215.png,1
2789,396095248326_97.png,1
2794,150505388600_3041.png,1
2797,400374571272_3381.png,1
2799,952808847239_178.png,1
2801,379555453762_60.png,1
2802,316093686012_2820.png,1
2807,985714726449_127.png,1
2809,910665251338_1657.png,1
2811,507038001029_1093.png,1
2814,704665240735_1676.png,1
2816,989301179886_131.png,1
2818,560295427936_216.png,1
2821,639539079685_176.png,1
2822,634780601459_50.png,1
2823,569604171620_2785.png,1
2826,409723635264_901.png,1
2828,224232821293_936.png,1
2832,600812297972_1493.png,1
2834,700764525013_88.png,1
2835,260661289703_2979.png,1
2840,835410387742_182.png,1
2841,648676054280_3461.png,1
2842,684213466847_146.png,1
2846,806705457328_1359.png,1
2847,341699893375_949.png,1
2850,453684141161_3235.png,1
2852,192038485634_350.png,1
2853,822391204248_204.png,1
2854,743253397080_3259.png,1
2855,421782183057_34.png,1
2856,884208212467_3114.png,1
2858,864227697268_877.png,1
2859,155078775959_2578.png,1
2860,700576207532_175.png,1
2861,203648378218_3.png,1
2863,567238091048_1440.png,1
2864,973143343630_1287.png,1
2867,591373229101_68.png,1
2869,827815819578_39.png,1
2871,360540058580_13.png,1
2872,360540058580_21.png,1
2874,272365977423_3066.png,1
2882,272365977423_3058.png,1
2887,767388414854_884.png,1
2888,669011864115_1275.png,1
2889,818209273153_1013.png,1
2890,180175151532_3091.png,1
2892,653014001934_1370.png,1
2895,103819417964_2939.png,1
2899,360540058580_20.png,1
2901,492178354810_1731.png,1
2906,760777201120_2430.png,1
2908,20780106_72.png,1
2912,806441778992_25.png,1
2914,548782197976_12.png,1
2915,973143343630_1292.png,1
2916,479218466159_140.png,1
2918,545148790793_2665.png,1
2919,954618460788_836.png,1
2921,714050116409_1140.png,1
2922,714050116409_1142.png,1
2923,143418361871_3217.png,1
2924,664039527911_3333.png,1
2928,20780106_69.png,1
2929,612071010178_32.png,1
2934,545148790793_2664.png,1
2938,702123412184_135.png,1
2939,325793007955_133.png,1
2941,952808847239_173.png,1
2942,428865883429_487.png,1
2945,973143343630_1288.png,1
2946,109935884821_3.png,1
2947,207618357799_2116.png,1
2948,922581919491_109.png,1
2950,191188233735_236.png,1
2952,895387384601_2858.png,1
2953,293385346987_3439.png,1
2954,656601070603_2803.png,1
2958,675660979140_1051.png,1
2959,153997884672_1071.png,1
2962,325793007955_139.png,1
2963,568389822410_1173.png,1
2964,833657157161_1059.png,1
2965,141529117306_10.png,1
2966,697849189626_181.png,1
2967,773060118637_89.png,1
2969,266651287467_48.png,1
2971,394807892737_1538.png,1
2973,382880599264_1696.png,1
2974,741989903094_99.png,1
2975,634265300478_1825.png,1
2976,577880665879_167.png,1
2977,338104589906_1024.png,1
2980,454100457730_1783.png,1
2982,570251628395_139.png,1
2983,485745117803_2217.png,1
2988,876372164601_115.png,1
2989,169699058066_35.png,1
2991,445629603476_32.png,1
2994,744225940112_1129.png,1
2995,441965561693_1729.png,1
2996,812847568199_174.png,1
3000,835797154329_36.png,1
3003,879048693273_2863.png,1
3004,967442917578_23.png,1
3007,512330606828_1610.png,1
3010,238397622807_260.png,1
3011,663772022816_157.png,1
3012,839263398699_744.png,1
3014,253890261988_3426.png,1
3016,441965561693_1725.png,1
3017,578184120957_719.png,1
3018,379555453762_57.png,1
3022,532817958124_2491.png,1
3025,594143428478_288.png,1
3028,251404070836_988.png,1
3030,20173997_63.png,1
3032,795591049648_269.png,1
3035,272365977423_3056.png,1
3036,710898793562_2388.png,1
3037,611532182871_1937.png,1
3040,333597054971_626.png,1
3042,791124267528_68.png,1
3045,464599977359_2752.png,1
3048,560295427936_215.png,1
3049,843777652566_18.png,1
3051,238914291714_150.png,1
3056,779137129779_1789.png,1
3057,789177370136_1838.png,1
3059,967846931189_3069.png,1
3062,221706668578_2603.png,1
3064,273962940407_1456.png,1
3065,866698375193_329.png,1
3068,741034458727_178.png,1
3069,853317845330_184.png,1
3070,430375075311_2813.png,1
3072,760777201120_2432.png,1
3073,244971078580_4.png,1
3074,192038485634_362.png,1
3075,391770830740_2319.png,1
3076,422051845654_888.png,1
3078,110127687078_73.png,1
3081,401373802702_2119.png,1
3082,174911645187_386.png,1
3083,516903642985_2.png,1
3084,477141480369_147.png,1
3085,836345175327_2285.png,1
3087,764136673032_2617.png,1
3092,247789242980_2099.png,1
3093,421782183057_39.png,1
3095,636039780441_2040.png,1
3097,866698375193_327.png,1
3101,181445865271_1682.png,1
3106,588734250938_515.png,1
3107,575223462523_1606.png,1
3108,791754158348_1516.png,1
3109,749596991307_2923.png,1
3117,379555453762_66.png,1
3119,806441778992_30.png,1
3121,722332376999_1194.png,1
3122,428865883429_499.png,1
3124,640136136494_3213.png,1
3132,412034110708_2823.png,1
3133,946219532066_1387.png,1
3134,560295427936_5.png,1
3136,884743150152_2306.png,1
3138,858235946428_2694.png,1
3141,769934621273_668.png,1
3143,153997884672_1070.png,1
3147,853040181788_307.png,1
3150,567126263045_2948.png,1
3156,482762469446_64.png,1
3157,806441778992_9.png,1
3159,898658265661_2267.png,1
3160,869115312126_189.png,1
3161,328383413827_1240.png,1
3162,601060412790_2798.png,1
3165,769934621273_664.png,1
3168,516903642985_688.png,1
3169,281023090144_256.png,1
3171,572941325457_2518.png,1
3172,569604171620_2784.png,1
3173,454100457730_1784.png,1
3176,20468406_157.png,1
3180,912157481181_114.png,1
3181,391770830740_2324.png,1
3183,20542610_134.png,1
3184,171508978812_2584.png,1
3185,357128673349_3.png,1
3186,684890268247_144.png,1
3190,259600879178_2894.png,1
3192,379555453762_65.png,1
3193,822391204248_206.png,1
3200,592824419888_93.png,1
3201,845460608431_167.png,1
3202,684967759363_54.png,1
3203,224232821293_930.png,1
3204,971938447531_1777.png,1
3206,528621184354_158.png,1
3207,636039780441_2037.png,1
3208,183382284445_801.png,1
3209,218892005299_84.png,1
3211,339789166411_1910.png,1
3212,391770830740_2322.png,1
3216,510830284257_10.png,1
3218,867700620757_131.png,1
3219,171345000283_296.png,1
3220,512330606828_1609.png,1
3223,771755593977_90.png,1
3227,244178787963_1476.png,1
3233,553544565405_227.png,1
3237,845251645064_188.png,1
3238,897061081395_1594.png,1
3241,473965308949_3092.png,1
3242,442773420858_483.png,1
3243,973135147805_71.png,1
3244,428865883429_490.png,1
3245,480998180201_272.png,1
3247,155078775959_2574.png,1
3252,939100495686_48.png,1
3254,764846353705_1348.png,1
3256,261193544340_16.png,1
3257,684326306545_25.png,1
3262,615529777889_124.png,1
3263,279878187518_171.png,1
3266,516903642985_1.png,1
3267,134857633495_106.png,1
3271,175211279793_289.png,1
3272,973143343630_1291.png,1
3273,772464628825_113.png,1
3277,399299293346_2130.png,1
3281,569564616579_985.png,1
3282,251404070836_994.png,1
3284,269304202222_178.png,1
3287,502663928209_2755.png,1
3288,8227493_79.png,1
3289,366976161360_2562.png,1
3291,850342750744_61.png,1
3292,214100871597_142.png,1
3299,751053679365_3187.png,1
3301,684967759363_42.png,1
3303,547427900316_42.png,1
3306,224232821293_932.png,1
3309,496596803522_1944.png,1
3310,495723171561_2339.png,1
3311,367860040198_123.png,1
3315,774613350297_5.png,1
3317,222887373246_1774.png,1
3320,545148790793_2663.png,1
3322,186912634869_181.png,1
3330,812847568199_175.png,1
3333,774832131387_3428.png,1
3335,744306592463_298.png,1
3336,488707726286_1652.png,1
3337,222887373246_1772.png,1
3343,710898793562_2389.png,1
3348,922561829745_2187.png,1
3352,903855560837_1403.png,1
3355,156500534530_2071.png,1
3357,260661289703_2977.png,1
3358,192038485634_352.png,1
3359,409723635264_900.png,1
3360,754934479265_2.png,1
3361,911796017464_2194.png,1
3362,554262680369_3421.png,1
3364,680369393932_2019.png,1
3365,871528272684_95.png,1
3367,400962117135_3077.png,1
3368,815820074872_310.png,1
3371,185392684814_1423.png,1
3374,161125882564_1815.png,1
3375,703304027166_2094.png,1
3376,20173997_46.png,1
3378,424579269065_2349.png,1
3380,169699058066_37.png,1
3383,684326306545_26.png,1
3385,253890261988_3422.png,1
3387,910665251338_1654.png,1
3390,927234591692_117.png,1
3393,335339677415_7.png,1
3398,110127687078_68.png,1
3399,762364345542_639.png,1
3400,700576207532_173.png,1
3401,326243507183_121.png,1
3404,367860040198_122.png,1
3407,266529855899_920.png,1
3410,646714740433_169.png,1
3411,796419105428_2425.png,1
3413,894878185645_153.png,1
3415,709126837809_793.png,1
3419,700764525013_89.png,1
3420,325793007955_136.png,1
3421,799972986370_91.png,1
3422,806550376609_87.png,1
3424,310754155803_1546.png,1
3425,591373229101_72.png,1
3427,572923171092_174.png,1
3428,130424682833_2974.png,1
3432,845460608431_21.png,1
3433,235543228049_2082.png,1
3436,395285139039_866.png,1
3437,979751560834_144.png,1
3439,918436554868_47.png,1
3443,20888686_102.png,1
3445,247758945333_81.png,1
3448,897774934161_1204.png,1
3451,982081740037_46.png,1
3453,574481118830_106.png,1
3455,638114318716_23.png,1
3459,980979740184_3401.png,1
3462,333696793755_472.png,1
3463,208993281228_1992.png,1
3466,979751560834_134.png,1
3467,129703732691_159.png,1
3468,8724335_141.png,1
3469,363535100000_80.png,1
3471,488707726286_1649.png,1
3472,922581919491_108.png,1
3475,272365977423_3064.png,1
3476,273962940407_1458.png,1
3479,106843512319_1505.png,1
3480,309920533181_575.png,1
3483,277688914398_28.png,1
3484,970889238163_0.png,1
3485,391770830740_2325.png,1
3487,840899031174_765.png,1
3495,277097367851_1759.png,1
3498,367131157003_1034.png,1
3500,917220567415_1045.png,1
3501,907228772365_44.png,1
3504,588734250938_519.png,1
3506,866716061848_111.png,1
3508,915197523364_146.png,1
3509,296996730720_1970.png,1
3512,192038485634_365.png,1
3513,635845865944_1229.png,1
3515,400374571272_3359.png,1
3517,259600879178_2895.png,1
3518,594143428478_287.png,1
3520,979751560834_139.png,1
3522,271471459435_1792.png,1
3524,173249862011_446.png,1
3532,795356671931_208.png,1
3533,818209273153_1011.png,1
3534,545138167149_2502.png,1
3540,493027181785_2225.png,1
3541,894411925086_1341.png,1
3543,496596803522_1945.png,1
3544,422632851956_3186.png,1
3547,391770830740_2320.png,1
3548,309002729427_1831.png,1
3551,355022318208_117.png,1
3553,389151849702_697.png,1
3554,985714726449_126.png,1
3556,963948789550_49.png,1
3557,799972986370_90.png,1
3558,866698375193_330.png,1
3560,963601964408_690.png,1
3562,219680787252_11.png,1
3563,908101084595_282.png,1
3565,923182232670_2158.png,1
3566,877754489250_68.png,1
3570,612071010178_47.png,1
3571,545395986954_240.png,1
3572,203648378218_15.png,1
3574,192038485634_359.png,1
3575,625760656257_2176.png,1
3577,918436554868_50.png,1
3580,752357193168_2213.png,1
3583,347250513021_13.png,1
3585,285450585444_52.png,1
3592,663772022816_156.png,1
3594,600846229594_155.png,1
3602,118626059540_700.png,1
3604,244178787963_1483.png,1
3606,347241142472_1543.png,1
3607,993023278923_63.png,1
3609,845460608431_20.png,1
3610,806550376609_84.png,1
3612,961071200808_3224.png,1
3613,279175507830_27.png,1
3614,380320255927_778.png,1
3618,795591049648_270.png,1
3619,462067576773_19.png,1
3622,464599977359_2750.png,1
3623,754476975700_1468.png,1
3624,688113789876_180.png,1
3625,428865883429_491.png,1
3626,597447767582_119.png,1
3627,422051845654_889.png,1
3628,544032867760_132.png,1
3630,316093686012_2819.png,1
3631,723791120719_2022.png,1
3632,119743082698_153.png,1
3633,884743150152_2305.png,1
3635,222887373246_1589.png,1
3636,764489767837_201.png,1
3639,641085547987_3152.png,1
3640,531928112209_1270.png,1
3642,778790172204_5.png,1
3643,997728887035_2361.png,1
3645,731199455561_132.png,1
3646,495459131965_6.png,1
3651,410781938578_2008.png,1
3654,721681836521_997.png,1
3657,716333500284_411.png,1
3659,20814858_144.png,1
3660,541648992826_858.png,1
3661,973957719726_3458.png,1
3666,787922742527_2206.png,1
3668,232421979890_252.png,1
3669,643145055832_2467.png,1
3671,973135147805_75.png,1
3674,396095248326_98.png,1
3678,569604171620_2782.png,1
3680,434106695352_177.png,1
3681,110127687078_59.png,1
3682,151995884228_600.png,1
3683,534759935339_1089.png,1
3685,110127687078_63.png,1
3688,647941843547_12.png,1
3689,183382284445_805.png,1
3691,616465023965_526.png,1
3692,261193544340_17.png,1
3693,739851758746_85.png,1
3699,400374571272_3376.png,1
3703,772464628825_101.png,1
3704,184431801849_1965.png,1
3707,755668652280_1569.png,1
3712,8716792_43.png,1
3715,534216578451_33.png,1
3719,324850484710_1932.png,1
3720,789344920194_1921.png,1
3722,512037194947_3107.png,1
3723,822048366378_172.png,1
3725,575805779337_15.png,1
3727,482354245605_2227.png,1
3728,700764525013_98.png,1
3730,741989903094_101.png,1
3731,230827303909_554.png,1
3732,162978996935_514.png,1
3733,473071149707_161.png,1
3737,286185392131_1781.png,1
3740,424579269065_2355.png,1
3741,510830284257_9.png,1
3742,710898793562_2391.png,1
3743,422632851956_3181.png,1
3744,582917569562_124.png,1
3745,771869260131_53.png,1
3746,203648378218_1.png,1
3748,438835954262_3043.png,1
3751,134857633495_112.png,1
3753,762364345542_646.png,1
3754,760777201120_2431.png,1
3756,580079693440_15.png,1
3759,649290484260_221.png,1
3761,410781938578_2013.png,1
3762,629368441219_25.png,1
3763,227305977443_3001.png,1
3765,575843704935_65.png,1
3766,822920534021_138.png,1
3767,623894832825_1299.png,1
3768,758926300410_1575.png,1
3769,884208212467_3115.png,1
3770,495723171561_2335.png,1
3771,344187221533_336.png,1
3772,903704239401_33.png,1
3773,162875382360_88.png,1
3774,427235514788_1258.png,1
3775,597207371659_106.png,1
3780,215048633531_3047.png,1
3781,198039659829_1536.png,1
3782,878817751717_2399.png,1
3784,848409680140_83.png,1
3786,151423702393_10.png,1
3789,769934621273_675.png,1
3791,993023278923_67.png,1
3794,110127687078_76.png,1
3799,858235946428_2695.png,1
3801,291914989721_704.png,1
3805,427235514788_1251.png,1
3807,663772022816_11.png,1
3808,401373802702_2125.png,1
3809,944532912472_342.png,1
3815,683738917842_177.png,1
3818,709126837809_791.png,1
3819,116406618692_139.png,1
3821,850760668257_141.png,1
3822,20888686_106.png,1
3825,480998180201_271.png,1
3826,922561829745_2177.png,1
3827,703470222290_2639.png,1
3828,442056477685_0.png,1
3829,802193197096_1664.png,1
3830,636039780441_2038.png,1
3831,744225940112_1130.png,1
3838,221645334418_163.png,1
3840,761729783486_349.png,1
3841,993023278923_52.png,1
3842,266529855899_919.png,1
3846,205632569213_420.png,1
3847,979751560834_156.png,1
3849,902796346829_2.png,1
3851,856138543579_654.png,1
3853,313675177473_248.png,1
3854,110127687078_70.png,1
3855,20173997_56.png,1
3856,994448425040_3250.png,1
3858,747852248661_163.png,1
3859,850280855417_2043.png,1
3860,118023725904_402.png,1
3862,647941843547_21.png,1
3864,616469201087_3253.png,1
3866,462067576773_20.png,1
3868,787922742527_2201.png,1
3869,333390547084_2666.png,1
3871,136477529786_301.png,1
3876,20231935_24.png,1
3877,685826281686_22.png,1
3880,881090541705_2086.png,1
3881,541726984761_55.png,1
3882,298625370592_1946.png,1
3889,979751560834_142.png,1
3890,220807231250_178.png,1
3896,946622835311_1264.png,1
3897,848333957606_851.png,1
3898,20173997_53.png,1
3899,733993954914_1435.png,1
3900,880229708072_30.png,1
3903,582158698012_24.png,1
3909,669782855897_155.png,1
3910,171878542801_1670.png,1
3914,100717169904_2627.png,1
3915,911064782307_2549.png,1
3917,333390547084_2668.png,1
3918,896921453972_614.png,1
3922,636480350467_784.png,1
3923,360288162685_1021.png,1
3925,528621184354_160.png,1
3929,339789166411_1911.png,1
3931,755668652280_1570.png,1
3933,341699893375_946.png,1
3935,970889238163_4.png,1
3938,293155920880_2151.png,1
3939,884208212467_3116.png,1
3942,600846229594_156.png,1
3946,455429862814_137.png,1
3947,774832131387_3430.png,1
3949,360288162685_1019.png,1
3951,487854762842_194.png,1
3952,360540058580_18.png,1
3953,341879820152_1322.png,1
3957,958933765988_145.png,1
3960,247370235401_2016.png,1
3961,985714726449_116.png,1
3963,843777652566_12.png,1
3969,833464100971_1306.png,1
3970,482469995080_433.png,1
3973,598670540185_448.png,1
3974,281023090144_254.png,1
3975,542303957272_9.png,1
3976,922261230381_731.png,1
3977,502663928209_2756.png,1
3978,575805779337_14.png,1
3980,634780601459_307.png,1
3983,685505912346_3347.png,1
3984,138404699949_458.png,1
3986,702348504428_20.png,1
3988,326254236438_2929.png,1
3989,560902908899_56.png,1
3990,222887373246_1775.png,1
3993,20894991_66.png,1
3995,803149820797_1554.png,1
3996,325293454056_1065.png,1
3999,810362663250_2078.png,1
4000,20173997_51.png,1
4001,591311518176_8.png,1
4003,273962940407_1455.png,1
4004,848333957606_850.png,1
4007,850280855417_2041.png,1
4009,789177370136_1837.png,1
4010,514453370384_1379.png,1
4011,764489767837_207.png,1
4012,208993281228_1991.png,1
4014,723791120719_2031.png,1
4016,898180345455_44.png,1
4019,703304027166_2090.png,1
4020,558739285660_162.png,1
4021,758926300410_1579.png,1
4023,227485273481_223.png,1
4025,283668040414_170.png,1
4026,899610610820_151.png,1
4031,822391204248_203.png,1
4032,760777201120_2428.png,1
4033,272365977423_3035.png,1
4034,979751560834_152.png,1
4038,495459131965_7.png,1
4040,867349054391_606.png,1
4041,979751560834_150.png,1
4042,496596803522_1943.png,1
4043,785355609848_180.png,1
4045,369983111788_0.png,1
4049,764489767837_212.png,1
4050,321613791338_2463.png,1
4052,410781938578_2009.png,1
4057,129310496531_1625.png,1
4058,971260117691_126.png,1
4060,639539079685_175.png,1
4062,203648378218_16.png,1
4065,110127687078_66.png,1
4066,534216578451_35.png,1
4068,201278064785_2963.png,1
4079,710898793562_2387.png,1
4080,853511371326_190.png,1
4083,110127687078_65.png,1
4085,105228564704_1860.png,1
4086,818673227432_1996.png,1
4089,918839061832_32.png,1
4090,950465767867_1786.png,1
4092,203648378218_20.png,1
4093,636011148697_1508.png,1
4095,983053360640_184.png,1
4097,272365977423_3062.png,1
4099,697786732711_140.png,1
4100,139140132763_1182.png,1
4102,280176852758_2672.png,1
4105,723696433709_2919.png,1
4106,685276103605_185.png,1
4109,729724405267_43.png,1
4110,20894991_65.png,1
4113,222773614053_461.png,1
4114,706694617314_523.png,1
4118,884208212467_3117.png,1
4119,931340732779_732.png,1
4123,865215561161_138.png,1
4124,858135211456_13.png,1
4125,425886974239_2742.png,1
4126,372488616104_811.png,1
4128,912157481181_115.png,1
4129,128597336529_70.png,1
4135,118023725904_400.png,1
4136,367131157003_1032.png,1
4139,650645930241_3386.png,1
4140,787922742527_2207.png,1
4141,898180345455_47.png,1
4142,380320255927_773.png,1
4144,749596991307_2924.png,1
4146,192038485634_353.png,1
4149,971938447531_1778.png,1
4150,640522012504_0.png,1
4152,222773614053_460.png,1
4153,430375075311_2814.png,1
4154,967442917578_22.png,1
4155,819358506289_156.png,1
4156,711408085137_151.png,1
4159,911064782307_2550.png,1
4162,772464628825_104.png,1
4165,988373653962_1429.png,1
4170,536175927161_99.png,1
4172,570251628395_137.png,1
4174,545395986954_19.png,1
4177,496596803522_1381.png,1
4179,609859592068_7.png,1
4180,207618357799_2113.png,1
4183,497251788504_2988.png,1
4190,903855560837_1402.png,1
4197,380320255927_774.png,1
4200,935376599569_109.png,1
4207,432977717923_105.png,1
4208,717677480240_45.png,1
4209,465246296291_154.png,1
4210,848409680140_82.png,1
4212,612071010178_50.png,1
4213,799972986370_92.png,1
4214,879048693273_2864.png,1
4215,684967759363_53.png,1
4218,623894832825_1297.png,1
4219,763709540874_1216.png,1
4221,460556866090_96.png,1
4222,597207371659_107.png,1
4225,922561829745_2178.png,1
4226,338104589906_1023.png,1
4227,948513430201_190.png,1
4228,648676054280_3460.png,1
4231,203648378218_9.png,1
4232,100717169904_2628.png,1
4234,580603230479_1201.png,1
4235,155078775959_2571.png,1
4237,789177370136_1835.png,1
4243,822391204248_1.png,1
4246,172592359943_14.png,1
4250,183382284445_803.png,1
4253,750161553572_122.png,1
4254,208993281228_1988.png,1
4256,428865883429_500.png,1
4257,671049071487_41.png,1
4258,236410493955_124.png,1
4259,396095248326_100.png,1
4260,520840067292_2781.png,1
4264,912157481181_111.png,1
4265,640136136494_3210.png,1
4269,827815819578_34.png,1
4272,191188233735_16.png,1
4273,571673210108_18.png,1
4275,884829104057_71.png,1
4276,232421979890_251.png,1
4280,556987594835_507.png,1
4281,650645930241_3389.png,1
4282,560295427936_6.png,1
4284,711408085137_7.png,1
4285,441965561693_1727.png,1
4288,911796017464_2195.png,1
4290,685905945391_103.png,1
4292,715052598761_18.png,1
4294,765481116507_1524.png,1
4295,822920534021_135.png,1
4296,862601632735_1161.png,1
4299,936883194737_40.png,1
4300,980979740184_3410.png,1
4302,203648378218_14.png,1
4303,118626059540_702.png,1
4304,288542808329_58.png,1
4307,700764525013_102.png,1
4308,130424682833_2976.png,1
4310,687284041789_1364.png,1
4311,866716061848_112.png,1
4314,842029718092_123.png,1
4315,485164464798_2544.png,1
4316,697786732711_143.png,1
4317,703448081492_567.png,1
4318,464599977359_2751.png,1
4320,858235946428_2696.png,1
4321,150342330404_714.png,1
4323,224232821293_934.png,1
4326,534216578451_36.png,1
4327,365021874062_1617.png,1
4328,619942281317_3110.png,1
4329,962825594797_105.png,1
4330,341879820152_1333.png,1
4334,843317803744_19.png,1
4335,604223367624_133.png,1
4336,764489767837_200.png,1
4337,612071010178_38.png,1
4339,184321752486_2638.png,1
4340,110127687078_74.png,1
4341,350515010423_1698.png,1
4342,247758945333_77.png,1
4344,629368441219_171.png,1
4345,869115312126_190.png,1
4347,500196950894_98.png,1
4348,111069511691_54.png,1
4351,141624973172_3073.png,1
4353,946219532066_1388.png,1
4359,767388414854_882.png,1
4360,821488567130_149.png,1
4365,703448081492_560.png,1
4366,222773614053_462.png,1
4367,20231935_29.png,1
4368,993023278923_66.png,1
4371,382700444919_543.png,1
4372,150342330404_712.png,1
4373,473965308949_3093.png,1
4375,835797154329_37.png,1
4377,279878187518_161.png,1
4380,480998180201_273.png,1
4381,175211279793_288.png,1
4383,432977717923_113.png,1
4388,152760066552_1977.png,1
4390,412034110708_2824.png,1
4393,729724405267_42.png,1
4395,795591049648_259.png,1
4397,279431706994_897.png,1
4399,359522436834_658.png,1
4403,985714726449_117.png,1
4404,811423234707_1122.png,1
4405,408793028990_2163.png,1
4406,477141480369_145.png,1
4408,922561829745_2185.png,1
4411,880837284589_2838.png,1
4415,722332376999_1188.png,1
4417,803958525697_2415.png,1
4418,272436316261_1939.png,1
4421,367860040198_126.png,1
4425,703448081492_562.png,1
4426,490427380219_30.png,1
4430,350515010423_1712.png,1
4435,985700536306_308.png,1
4437,184321752486_2635.png,1
4438,253890261988_3424.png,1
4442,997728887035_2359.png,1
4444,222773614053_463.png,1
4446,776923166924_74.png,1
4447,572941325457_2519.png,1
4448,862601632735_1162.png,1
4451,279878187518_164.png,1
4452,454254159208_12.png,1
4453,20771639_128.png,1
4457,703448081492_564.png,1
4458,279175507830_172.png,1
4459,640522012504_3.png,1
4460,313675177473_249.png,1
4462,247758945333_78.png,1
4464,623894832825_1293.png,1
4466,915627453821_2670.png,1
4470,329985644836_6.png,1
4471,251404070836_992.png,1
4474,391770830740_2329.png,1
4476,572941325457_2520.png,1
4477,508947641279_1117.png,1
4479,760777201120_2437.png,1
4480,382880599264_1692.png,1
4481,997728887035_2363.png,1
4486,382612031764_2535.png,1
4487,421782183057_33.png,1
4492,279878187518_163.png,1
4494,973135147805_73.png,1
4495,755668652280_1568.png,1
4501,862601632735_1164.png,1
4502,325411649790_114.png,1
4505,555423412638_81.png,1
4507,684257885067_165.png,1
4510,395285139039_868.png,1
4511,391770830740_2327.png,1
4512,195698885061_537.png,1
4514,867700620757_132.png,1
4515,845460608431_169.png,1
4520,958933765988_142.png,1
4521,684890268247_143.png,1
4522,179398633980_138.png,1
4525,634265300478_1823.png,1
4526,190978581796_1615.png,1
4527,462187367584_318.png,1
4528,711408085137_154.png,1
4529,532817958124_2487.png,1
4530,8716792_41.png,1
4531,250933581187_1914.png,1
4533,128597336529_72.png,1
4538,570828262278_142.png,1
4541,281023090144_255.png,1
4544,20888686_87.png,1
4545,313675177473_250.png,1
4546,894411925086_3053.png,1
4548,764696884251_57.png,1
4549,768494735159_1223.png,1
4551,238397622807_261.png,1
4553,799972986370_99.png,1
4555,400374571272_3379.png,1
4557,571385326092_2718.png,1
4558,20871977_147.png,1
4562,519560207220_6.png,1
4564,818209273153_1015.png,1
4565,979751560834_133.png,1
4567,410781938578_2007.png,1
4568,247758945333_82.png,1
4569,760790085782_3197.png,1
4571,375457147240_202.png,1
4572,344187221533_337.png,1
4573,833464100971_1312.png,1
4575,262734152854_153.png,1
4576,669011864115_1277.png,1
4577,571385326092_2719.png,1
4578,654053090992_3455.png,1
4579,612071010178_34.png,1
4580,277688914398_26.png,1
4583,647941843547_27.png,1
4584,339867820516_2878.png,1
4586,347241142472_1542.png,1
4587,8227493_80.png,1
4588,764489767837_203.png,1
4590,777439655201_332.png,1
4599,917220567415_1046.png,1
4603,131446538279_875.png,1
4605,281789334835_322.png,1
4606,922561829745_2181.png,1
4607,238397622807_263.png,1
4608,309920533181_573.png,1
4610,795356671931_3.png,1
4611,20888686_107.png,1
4613,130424682833_2973.png,1
4614,592824419888_91.png,1
4615,650645930241_3394.png,1
4616,684967759363_47.png,1
4618,827273563653_2413.png,1
4620,884829104057_74.png,1
4625,801932343042_1490.png,1
4626,324635941511_15.png,1
4627,424579269065_2352.png,1
4628,744802759653_147.png,1
4629,703448081492_568.png,1
4630,20871977_148.png,1
4631,995380950350_91.png,1
4632,681628403600_52.png,1
4633,848409680140_77.png,1
4635,704620807007_718.png,1
4637,998249428382_108.png,1
4640,635845865944_1232.png,1
4641,323718368678_1572.png,1
4642,721681836521_1002.png,1
4645,500196950894_101.png,1
4648,871528272684_94.png,1
4649,685276103605_186.png,1
4650,756355607099_128.png,1
4653,203648378218_7.png,1
4654,989660137833_2515.png,1
4655,205632569213_419.png,1
4657,219680787252_12.png,1
4658,146120362309_2238.png,1
4660,845460608431_165.png,1
4661,961071200808_3222.png,1
4664,203648378218_6.png,1
4665,700764525013_99.png,1
4666,771755593977_89.png,1
4668,502260858819_166.png,1
4670,663772022816_12.png,1
4671,634780601459_306.png,1
4673,545395986954_241.png,1
4678,247789242980_2101.png,1
4679,101674279336_740.png,1
4680,946219532066_1392.png,1
4681,609433833704_1643.png,1
4683,911796017464_2192.png,1
4685,785355609848_179.png,1
4686,389151849702_695.png,1
4687,863531088592_1982.png,1
4688,994448425040_3249.png,1
4692,989660137833_2512.png,1
4693,906368157080_862.png,1
4698,824549014219_2866.png,1
4699,224232821293_925.png,1
4704,266651287467_44.png,1
4705,636480350467_783.png,1
4711,581733527219_1315.png,1
4712,128597336529_80.png,1
4713,220680175844_132.png,1
4714,560902908899_58.png,1
4715,410781938578_2011.png,1
4718,430375075311_2811.png,1
4720,575223462523_1603.png,1
4722,341699893375_943.png,1
4724,973999840047_2703.png,1
4725,341879820152_1324.png,1
4727,751899309064_2658.png,1
4730,986309829856_711.png,1
4731,241322097402_1464.png,1
4733,493027181785_2223.png,1
4736,537441634388_2881.png,1
4738,446978283584_1961.png,1
4740,700764525013_94.png,1
4741,250933581187_1917.png,1
4742,211931175250_3031.png,1
4743,786413222075_31.png,1
4744,625465638403_2714.png,1
4746,765481116507_1522.png,1
4747,172592359943_15.png,1
4752,295774907366_1078.png,1
4754,230198735753_2791.png,1
4755,962446792694_1057.png,1
4756,375980491914_2531.png,1
4757,763709540874_1214.png,1
4758,877754489250_69.png,1
4762,867700620757_135.png,1
4764,111069511691_51.png,1
4766,534269415875_62.png,1
4768,635845865944_1230.png,1
4769,491234786761_56.png,1
4772,247758945333_79.png,1
4775,401373802702_2121.png,1
4776,251404070836_990.png,1
4782,982081740037_47.png,1
4783,979751560834_153.png,1
4784,303958277841_19.png,1
4786,339867820516_2876.png,1
4787,532817958124_2493.png,1
4789,845251645064_183.png,1
4796,915197523364_147.png,1
4797,961071200808_3221.png,1
4800,963948789550_45.png,1
4801,545395986954_20.png,1
4803,571673210108_19.png,1
4804,482762469446_67.png,1
4810,155078775959_2576.png,1
4811,927234591692_120.png,1
4812,333390547084_2667.png,1
4813,663772022816_17.png,1
4814,570251628395_140.png,1
4816,989301179886_134.png,1
4818,993023278923_54.png,1
4819,806441778992_0.png,1
4822,569342624383_166.png,1
4824,865245750682_23.png,1
4826,548782197976_13.png,1
4830,684257885067_166.png,1
4831,818673227432_1995.png,1
4832,761729783486_344.png,1
4836,321193840795_2479.png,1
4837,569604171620_2783.png,1
4838,272531042666_319.png,1
4839,549544845574_524.png,1
4840,640136136494_3211.png,1
4841,146120362309_2239.png,1
4842,201278064785_2962.png,1
4844,723791120719_2023.png,1
4846,424579269065_2350.png,1
4847,432977717923_108.png,1
4848,591373229101_78.png,1
4849,110139824912_1903.png,1
4852,350515010423_1714.png,1
4857,582306562750_34.png,1
4858,136477529786_48.png,1
4859,325793007955_128.png,1
4860,20780106_77.png,1
4861,802193197096_1660.png,1
4862,663772022816_162.png,1
4864,251404070836_996.png,1
4865,609859592068_5.png,1
4867,845460608431_166.png,1
4871,917941036855_134.png,1
4872,763646726051_1851.png,1
4874,475020532333_195.png,1
4875,152687048857_48.png,1
4877,850683220727_1486.png,1
4878,785244433539_2746.png,1
4879,810466981905_10.png,1
4880,534653494805_6.png,1
4881,325293454056_1066.png,1
4882,169699058066_42.png,1
4884,532817958124_2486.png,1
4885,139140132763_1175.png,1
4886,203648378218_17.png,1
4889,703448081492_563.png,1
4890,162978996935_513.png,1
4893,138404699949_454.png,1
4896,822920534021_137.png,1
4897,238914291714_151.png,1
4901,911796017464_2191.png,1
4903,106446077244_17.png,1
4907,931652532880_1155.png,1
4911,379555453762_59.png,1
4912,400276825286_2420.png,1
4913,184620215721_2737.png,1
4914,100741088084_59.png,1
4917,731199455561_129.png,1
4918,207618357799_2115.png,1
4923,544032867760_131.png,1
4925,169699058066_36.png,1
4930,799972986370_94.png,1
4931,575805779337_16.png,1
4932,862601632735_1166.png,1
4933,410781938578_2010.png,1
4935,887975070030_3463.png,1
4936,998249428382_107.png,1
4940,803958525697_2414.png,1
4941,421782183057_32.png,1
4942,324635941511_16.png,1
4944,980979740184_3404.png,1
4945,636011148697_1511.png,1
4946,390141130975_199.png,1
4947,129310496531_1627.png,1
4950,760777201120_2426.png,1
4953,279878187518_167.png,1
4954,896921453972_616.png,1
4955,479218466159_139.png,1
4956,609433833704_1640.png,1
4958,238397622807_259.png,1
4961,703304027166_2092.png,1
4963,867700620757_133.png,1
4965,20893814_138.png,1
4972,842029718092_125.png,1
4974,795356671931_4.png,1
4979,786413222075_32.png,1
4980,106843512319_1503.png,1
4981,8121904_159.png,1
4982,146611670930_2103.png,1
4984,684967759363_39.png,1
4987,570703933924_80.png,1
4990,662256656405_955.png,1
4993,341879820152_1327.png,1
4994,20173997_57.png,1
4995,880837284589_2837.png,1
4996,983053360640_183.png,1
4997,134857633495_111.png,1
4999,545138167149_2501.png,1
5003,796282255349_380.png,1
5006,597245428015_871.png,1
5007,856138543579_656.png,1
5010,208909374603_1969.png,1
5011,549544845574_525.png,1
5012,333597054971_629.png,1
5013,954618460788_837.png,1
5017,952808847239_176.png,1
5019,497251788504_2987.png,1
5021,339935510253_10.png,1
5024,279209614633_2764.png,1
5025,922561829745_2180.png,1
5026,104405380905_157.png,1
5028,225034671890_1083.png,1
5029,598670540185_449.png,1
5030,277688914398_25.png,1
5031,488707726286_1648.png,1
5033,268840165800_92.png,1
5034,650645930241_3397.png,1
5035,864227697268_879.png,1
5036,488707726286_1647.png,1
5038,654053090992_3454.png,1
5039,396750726164_9.png,1
5040,754934479265_7.png,1
5042,603123524854_96.png,1
5043,574481118830_104.png,1
5044,745436989785_1528.png,1
5050,662256656405_956.png,1
5053,639114485567_3263.png,1
5054,412444974010_3205.png,1
5056,192038485634_354.png,1
5065,20780106_78.png,1
5066,8656858_8.png,1
5068,782295982929_6.png,1
5070,866110390537_2249.png,1
5071,508947641279_1116.png,1
5073,997728887035_2362.png,1
5074,155116290844_247.png,1
5077,636480350467_779.png,1
5078,442773420858_482.png,1
5079,485164464798_2545.png,1
5080,647941843547_9.png,1
5081,845210527637_682.png,1
5085,944532912472_338.png,1
5086,280176852758_2673.png,1
5090,518447889244_20.png,1
5094,260661289703_2978.png,1
5096,20884796_115.png,1
5098,971649566488_3351.png,1
5100,762364345542_644.png,1
5102,485745117803_2214.png,1
5103,110127687078_78.png,1
5106,993023278923_68.png,1
5109,958933765988_143.png,1
5110,345719039525_279.png,1
5111,553544565405_11.png,1
5112,141504964851_2060.png,1
5113,321193840795_2475.png,1
5118,599431527328_749.png,1
5119,808832027525_53.png,1
5124,635845865944_1233.png,1
5126,100703737903_2732.png,1
5127,114229708040_326.png,1
5134,345719039525_278.png,1
5136,568389822410_1169.png,1
5137,762364345542_642.png,1
5138,640522012504_9.png,1
5141,363896865046_63.png,1
5142,244178787963_1485.png,1
5146,699121420070_267.png,1
5150,422632851956_3184.png,1
5151,218892005299_88.png,1
5152,833464100971_1303.png,1
5153,382880599264_1693.png,1
5155,310754155803_1547.png,1
5157,456742928214_26.png,1
5158,542663356526_45.png,1
5159,803149820797_1555.png,1
5161,546428258172_2230.png,1
5163,118023725904_403.png,1
5164,650645930241_3416.png,1
5165,894411925086_3054.png,1
5167,20828991_155.png,1
5168,722332376999_1195.png,1
5171,962808621024_162.png,1
5172,683738917842_172.png,1
5173,161125882564_1819.png,1
5174,989301179886_128.png,1
5178,161125882564_1814.png,1
5181,973245394143_30.png,1
5189,817481477091_17.png,1
5190,382612031764_2533.png,1
5191,609433833704_1644.png,1
5194,598642801114_2110.png,1
5196,178359790931_21.png,1
5201,367860040198_124.png,1
5202,584760146203_1771.png,1
5205,539328577283_168.png,1
5207,590151279182_173.png,1
5212,338104589906_1027.png,1
5216,655596152469_3173.png,1
5220,717392870615_1445.png,1
5221,604223367624_132.png,1
5226,930855369862_1667.png,1
5227,333597054971_625.png,1
5228,350515010423_1716.png,1
5229,985714726449_120.png,1
5231,669782855897_154.png,1
5232,333696793755_471.png,1
5235,553544565405_233.png,1
5242,110127687078_58.png,1
5243,118626059540_701.png,1
5244,946219532066_1394.png,1
5245,771869260131_52.png,1
5246,973245394143_29.png,1
5250,595990462615_2952.png,1
5252,650645930241_3395.png,1
5254,962808621024_164.png,1
5255,971649566488_3354.png,1
5257,736490462094_1211.png,1
5258,476435950414_735.png,1
5260,612071010178_43.png,1
5261,866110390537_2244.png,1
5263,575805779337_10.png,1
5264,865215561161_139.png,1
5265,238914291714_153.png,1
5266,442499895881_2739.png,1
5269,111069511691_50.png,1
5272,214100871597_141.png,1
5274,699932963082_19.png,1
5276,609433833704_1638.png,1
5277,427235514788_1256.png,1
5278,936371943054_90.png,1
5280,541478048097_27.png,1
5281,203648378218_4.png,1
5284,298625370592_1947.png,1
5285,460556866090_97.png,1
5286,185439578630_145.png,1
5289,386695072744_608.png,1
5291,636039780441_2035.png,1
5292,20780106_71.png,1
5293,460556866090_98.png,1
5294,513631475302_90.png,1
5295,714050116409_1143.png,1
5296,575805779337_9.png,1
5303,898658265661_2270.png,1
5306,911796017464_2189.png,1
5307,840899031174_38.png,1
5309,625872569335_2383.png,1
5311,532817958124_2489.png,1
5312,629368441219_170.png,1
5313,806441778992_26.png,1
5315,772464628825_117.png,1
5316,527020434846_2900.png,1
5317,896921453972_620.png,1
5318,416155397056_2989.png,1
5319,297291155973_3233.png,1
5320,561655174252_92.png,1
5321,341879820152_1325.png,1
5324,716240434334_2377.png,1
5327,881090541705_2084.png,1
5329,760777201120_2433.png,1
5332,639539079685_172.png,1
5333,460556866090_94.png,1
5334,497251788504_2985.png,1
5336,758926300410_1577.png,1
5338,545138167149_2500.png,1
5341,265009415921_814.png,1
5342,386695072744_607.png,1
5344,379555453762_63.png,1
5345,675660979140_1050.png,1
5346,823993526621_54.png,1
5348,662573210303_3100.png,1
5349,428865883429_492.png,1
5351,580079693440_16.png,1
5352,553544565405_232.png,1
5353,273962940407_1457.png,1
5357,747852248661_166.png,1
5359,684967759363_37.png,1
5362,416790220207_2371.png,1
5363,520940938051_2569.png,1
5366,560295427936_212.png,1
5367,663772022816_10.png,1
5370,686267017254_192.png,1
5372,786413222075_30.png,1
5376,8227493_83.png,1
5377,222887373246_1590.png,1
5378,128623730724_1530.png,1
5379,107553835884_186.png,1
5380,456320233436_3.png,1
5382,128597336529_78.png,1
5383,567126263045_2950.png,1
5385,674347030286_2526.png,1
5386,854498104500_1063.png,1
5388,527020434846_2899.png,1
5390,155078775959_2572.png,1
5391,773060118637_92.png,1
5392,623894832825_1294.png,1
5394,247370235401_2015.png,1
5395,881090541705_2085.png,1
5396,411679433818_2050.png,1
5400,754934479265_3.png,1
5405,758926300410_1583.png,1
5406,247789242980_2100.png,1
5411,583261601015_751.png,1
5412,726201973647_2457.png,1
5414,313675177473_26.png,1
5420,961071200808_3220.png,1
5422,710433467584_786.png,1
5424,357128673349_2.png,1
5426,421782183057_35.png,1
5429,917686824203_2057.png,1
5430,936883194737_41.png,1
5431,716240434334_2374.png,1
5432,219178145041_15.png,1
5433,20888686_91.png,1
5435,864227697268_878.png,1
5440,558739285660_165.png,1
5441,190265964103_2621.png,1
5443,723791120719_2025.png,1
5444,471853825759_86.png,1
5449,611532182871_1936.png,1
5451,360540058580_22.png,1
5452,663772022816_13.png,1
5453,634265300478_1821.png,1
5454,603428684392_2293.png,1
5457,416398374605_478.png,1
5458,884829104057_72.png,1
5461,325793007955_130.png,1
5466,179398633980_140.png,1
5467,547441636580_707.png,1
5469,715128110072_18.png,1
5473,570703933924_66.png,1
5476,926553623648_2118.png,1
5477,442773420858_484.png,1
5481,309028234302_2000.png,1
5483,662256656405_960.png,1
5487,760777201120_2427.png,1
5488,833758612558_1845.png,1
5489,575805779337_8.png,1
5491,569342624383_169.png,1
5492,400374571272_3367.png,1
5493,532817958124_2492.png,1
5496,366976161360_2561.png,1
5497,279878187518_162.png,1
5501,954618460788_843.png,1
5502,947593419073_1428.png,1
5503,899397010584_183.png,1
5504,815810864837_2266.png,1
5507,20888686_101.png,1
5508,639539079685_173.png,1
5509,865215561161_133.png,1
5510,963948789550_50.png,1
5511,542303957272_226.png,1
5512,272365977423_3063.png,1
5513,412034110708_2822.png,1
5514,985714726449_115.png,1
5516,884829104057_73.png,1
5517,269304202222_179.png,1
5518,681471053061_3195.png,1
5519,623894832825_1298.png,1
5522,310754155803_1548.png,1
5526,585266307137_116.png,1
5527,338104589906_1025.png,1
5528,803958525697_2416.png,1
5531,731512182701_122.png,1
5534,117564324256_2402.png,1
5538,668120264286_276.png,1
5539,154186372306_2710.png,1
5541,474941678320_1433.png,1
5544,333390547084_2669.png,1
5545,884208212467_3118.png,1
5547,367860040198_127.png,1
5549,810362663250_2075.png,1
5551,279431706994_898.png,1
5552,325793007955_127.png,1
5553,985700536306_51.png,1
5555,768494735159_1222.png,1
5557,475548512619_895.png,1
5558,238397622807_258.png,1
5559,840899031174_32.png,1
5560,777328818359_39.png,1
5561,824549014219_2870.png,1
5562,939100495686_51.png,1
5563,634091100218_1453.png,1
5565,350863438185_1426.png,1
5570,647941843547_18.png,1
5571,464599977359_2747.png,1
5574,664039527911_3320.png,1
5580,946219532066_1391.png,1
5583,507038001029_1092.png,1
5587,683738917842_173.png,1
5588,313330933538_1.png,1
5589,683738917842_170.png,1
5590,430375075311_2809.png,1
5592,917686824203_2058.png,1
5595,636011148697_1510.png,1
5598,594143428478_286.png,1
5600,100703737903_2731.png,1
5601,653014001934_1373.png,1
5602,266651287467_45.png,1
5604,890075468153_2845.png,1
5605,898866563085_758.png,1
5612,421782183057_37.png,1
5613,710433467584_788.png,1
5617,512330606828_1608.png,1
5619,683738917842_175.png,1
5621,840899031174_24.png,1
5626,594143428478_41.png,1
5630,379555453762_68.png,1
5631,649290484260_222.png,1
5632,281436451254_1923.png,1
5636,857117777464_3088.png,1
5640,993023278923_58.png,1
5642,795591049648_260.png,1
5643,222773614053_459.png,1
5646,799972986370_101.png,1
5648,863531088592_1984.png,1
5652,134725566968_230.png,1
5653,208397272995_295.png,1
5656,818209273153_1012.png,1
5657,924839510154_112.png,1
5659,795591049648_261.png,1
5660,848409680140_85.png,1
5661,744225940112_1132.png,1
5663,20173997_52.png,1
5664,100717169904_2629.png,1
5665,647899100449_89.png,1
5666,973135147805_72.png,1
5667,137696269856_2795.png,1
5670,485355425093_161.png,1
5671,173673261707_1055.png,1
5672,482469995080_432.png,1
5674,141624973172_3071.png,1
5679,338098363409_144.png,1
5680,839168446401_88.png,1
5684,414270881980_2727.png,1
5686,650645930241_3392.png,1
5690,848409680140_80.png,1
5692,702123412184_137.png,1
5693,884829104057_75.png,1
5694,208993281228_1989.png,1
5695,351145406253_92.png,1
5699,749694046205_1597.png,1
5701,683503321397_2661.png,1
5702,735696163591_3027.png,1
5703,155116290844_245.png,1
5706,754934479265_5.png,1
5707,985714726449_122.png,1
5708,421782183057_38.png,1
5709,247370235401_2014.png,1
5711,340558218201_68.png,1
5715,850893734326_747.png,1
5717,650645930241_3396.png,1
5718,986309829856_1683.png,1
5719,536126013345_750.png,1
5721,641085547987_3146.png,1
5722,279209614633_2773.png,1
5725,910665251338_1656.png,1
5726,612071010178_33.png,1
5727,191902294372_2712.png,1
5730,839257551483_80.png,1
5731,799972986370_97.png,1
5733,400276825286_2421.png,1
5734,663772022816_161.png,1
5737,154014342120_1689.png,1
5740,764846353705_1349.png,1
5751,360540058580_28.png,1
5752,272365977423_3034.png,1
5757,662256656405_970.png,1
5758,823993526621_55.png,1
5759,156752618179_2932.png,1
5761,105228564704_1861.png,1
5762,961711163324_122.png,1
5763,762364345542_641.png,1
5764,598642801114_2112.png,1
5765,896921453972_615.png,1
5766,612071010178_39.png,1
5767,218892005299_89.png,1
5769,647149214300_1879.png,1
5770,771755593977_87.png,1
5771,833464100971_1311.png,1
5772,134725566968_229.png,1
5774,542663356526_294.png,1
5775,541648992826_859.png,1
5776,762364345542_650.png,1
5777,339867820516_2880.png,1
5778,680369393932_2018.png,1
5780,427263239610_6.png,1
5783,495459131965_3.png,1
5784,806705457328_1361.png,1
5785,840899031174_31.png,1
5786,567238091048_1441.png,1
5787,482762469446_66.png,1
5788,927234591692_118.png,1
5792,894411925086_3050.png,1
5793,265009415921_817.png,1
5794,593013934724_100.png,1
5797,827273563653_2412.png,1
5798,281436451254_1924.png,1
5800,296996730720_1971.png,1
5801,20468406_158.png,1
5802,369983111788_1.png,1
5803,199357894768_863.png,1
5806,835797154329_38.png,1
5807,424579269065_2353.png,1
5809,381649034044_2137.png,1
5811,675660979140_1053.png,1
5812,722332376999_1184.png,1
5813,520840067292_2779.png,1
5815,867195298851_128.png,1
5816,839168446401_86.png,1
5818,321193840795_2474.png,1
5819,516903642985_689.png,1
5820,853169089595_20.png,1
5821,555423412638_83.png,1
5823,532817958124_2490.png,1
5828,811644526596_2252.png,1
5829,174759138550_2331.png,1
5830,899610610820_153.png,1
5831,992286998279_270.png,1
5832,192038485634_368.png,1
5834,252124451847_3262.png,1
5837,293385346987_3436.png,1
5838,940782747470_2735.png,1
5840,355342477162_1420.png,1
5841,376833210607_33.png,1
5842,401373802702_2124.png,1
5844,363896865046_61.png,1
5846,840899031174_21.png,1
5851,410781938578_2012.png,1
5852,609281435613_8.png,1
5853,488707726286_1646.png,1
5857,462187367584_319.png,1
5859,611338952756_1075.png,1
5860,221645334418_164.png,1
5861,117564324256_2406.png,1
5862,379555453762_58.png,1
5865,669011864115_1278.png,1
5867,382634234588_2378.png,1
5868,662256656405_969.png,1
5871,597245428015_873.png,1
5872,363809609013_976.png,1
5873,621924378094_2679.png,1
5874,941336779550_2231.png,1
5876,547106939214_3108.png,1
5879,272436316261_1938.png,1
5882,441965561693_1724.png,1
5885,985714726449_119.png,1
5888,281436451254_1926.png,1
5889,601060412790_2800.png,1
5891,950465767867_1788.png,1
5894,363896865046_64.png,1
5895,261193544340_112.png,1
5896,173760914624_27.png,1
5897,979751560834_130.png,1
5898,541648992826_857.png,1
5899,462773174622_1600.png,1
5903,735696163591_3026.png,1
5907,184321752486_2637.png,1
5908,333597054971_627.png,1
5911,421218130831_2717.png,1
5912,884743150152_2307.png,1
5914,104405380905_158.png,1
5917,632880317927_24.png,1
5918,381063331361_294.png,1
5919,625872569335_2382.png,1
5920,534269415875_58.png,1
5921,141624973172_3072.png,1
5925,634091100218_1454.png,1
5931,598670540185_450.png,1
5932,402403641492_14.png,1
5934,636480350467_782.png,1
5936,359522436834_662.png,1
5937,103416208177_3433.png,1
5938,8656858_9.png,1
5939,548968293415_1.png,1
5942,616465023965_527.png,1
5943,155078775959_2577.png,1
5945,763709540874_1213.png,1
5947,427235514788_1255.png,1
5948,588734250938_520.png,1
5951,571385326092_2722.png,1
5952,688113789876_179.png,1
5953,528621184354_155.png,1
5958,840899031174_34.png,1
5959,833758612558_1847.png,1
5960,225034671890_1085.png,1
5961,796394556929_177.png,1
5962,352768502335_886.png,1
5963,605085122428_3105.png,1
5965,980153621042_2498.png,1
5967,898866563085_757.png,1
5970,935376599569_110.png,1
5976,708667008684_195.png,1
5979,582306562750_35.png,1
5980,940604480310_25.png,1
5981,360540058580_14.png,1
5982,811644526596_2262.png,1
5983,750161553572_120.png,1
5986,700764525013_87.png,1
5989,636011148697_1507.png,1
5990,634091100218_1451.png,1
5992,835800537685_529.png,1
5994,967442917578_21.png,1
5996,134725566968_235.png,1
6001,787922742527_2204.png,1
6003,850280855417_2044.png,1
6005,578184120957_721.png,1
6008,251404070836_989.png,1
6009,534269415875_63.png,1
6010,350863438185_1425.png,1
6012,925079175594_902.png,1
6013,590151279182_174.png,1
6014,448897641814_1957.png,1
6016,532817958124_2488.png,1
6018,649820244443_1447.png,1
6021,222102949883_37.png,1
6022,363809609013_977.png,1
6023,292440917698_129.png,1
6026,650645930241_3391.png,1
6028,762364345542_645.png,1
6029,648426818801_2872.png,1
